index,smiles,AlogP,Effective
0,Cn1cc(Cl)nc(N2CCC(Oc3ccccc3Cl)CC2)c1=O,3.13,0
1,Cc1cnnc(N2CCC(Oc3cc(C(F)(F)F)ccc3Cl)CC2)n1,3.9,0
2,Cc1cnc(N2CCC(Oc3cc(F)ccc3Cl)CC2)nn1,3.02,0
3,FC(F)(F)c1ccc(Cl)c(OC2CCN(c3nccnn3)C2)c1,3.2,0
4,COc1ccc2ccn(C3CCN(c4ccc(-c5cnn(C)c5)nn4)CC3)c2c1,3.68,0
5,Cn1cc(-c2ccc(N3CCC(n4ccc5cc(Cl)ccc54)CC3)nn2)cn1,4.33,0
6,O=C(NC[C@H](O)c1ccccc1)c1ccc(N2CCN(C(=O)c3ccccc3C(F)(F)F)CC2)nn1,2.92,1
7,Cc1ccccc1C(=O)C1CCN(c2ccc(C(=O)NCC(O)c3cccs3)nn2)CC1,3.41,0
8,O=C(NC[C@@H](O)c1ccccc1)c1ccc(N2CCN(C(=O)c3ccccc3C(F)(F)F)CC2)nn1,2.92,1
9,COc1ccccc1C(=O)C1CCN(c2ccc(C(=O)NCC(O)c3ccccc3)nn2)CC1,3.05,0
10,O=C(NCC(O)c1cccnc1)c1ccc(N2CCC3(CCc4c(F)cccc4O3)CC2)nn1,2.84,1
11,O=C(NCC(O)c1cccnc1)c1ccc(N2CCC3(CCc4c(Cl)cccc4O3)CC2)nn1,3.35,0
12,O=C(NCC(O)c1cccnc1)c1ccc(N2CCC3(CCc4c(F)ccc(F)c4O3)CC2)nn1,2.98,1
13,O=C(NCc1cccnc1)Nc1ccc(N2CCC3(CCc4c(cccc4C(F)(F)F)O3)CC2)nn1,4.58,0
14,Cn1nc(Cc2cccnc2)nc1-c1ccc(N2CCC3(CCc4c(cccc4C(F)(F)F)O3)CC2)nn1,4.64,0
15,COC1CC2(CCN(c3ccc(C(=O)NCC(O)c4ccccc4)nn3)CC2)Oc2ccccc21,3.45,0
16,O=C(NCC(O)c1ccccc1)c1ccc(N2CCC3(CC2)CC(O)c2c(F)cccc2O3)nn1,2.93,1
17,Cn1cc(-c2ccc(N3CCC(n4ccc5ccc(C(F)(F)F)cc54)CC3)nn2)cn1,4.69,0
18,COc1cccc(C(=O)Nc2ncc(Cc3cccc(C(F)(F)F)c3)s2)c1,5.01,0
19,COc1ccc(C(=O)Nc2ncc(Cc3cccc(C(C)(C)C)c3)s2)cc1OCCO,4.66,0
20,COc1ccc(C(=O)Nc2ncc(Cc3ccc(F)c(C(F)(F)F)c3)s2)cc1OCCO,4.52,0
21,COc1ccc(C(=O)Nc2ncc(Cc3ccc(Cl)c(Cl)c3)s2)cc1OCCO,4.67,0
22,Cc1nc(-c2cnc(N3CCC(Oc4ccccc4C(F)(F)F)CC3)s2)no1,4.57,0
23,O=C(Nc1ncc(C(=O)O)s1)c1ccc(CNc2ccccc2C(F)(F)F)cc1,4.72,0
24,CCCCc1ccccc1NCc1ccc(C(=O)Nc2nc(CC(=O)O)cs2)s1,5.04,0
25,NC(=O)c1cc(N2CCC(Oc3ccccc3C(F)(F)F)CC2)no1,2.84,1
26,Fc1ccc2c(c1)N(C1CCN(c3ccc(-c4ccc(C(F)(F)F)cc4)nn3)CC1)CC2,5.33,0
27,CCCCCCc1ccccc1NCc1ccc(C(=O)Nc2nc(CCO)cs2)s1,5.73,0
28,O=C(O)Cc1csc(NC(=O)c2ccc(CNc3ccccc3C(F)(F)F)cc2)n1,4.65,0
29,Fc1ccc2c(c1)N(C1CCN(c3ccc(-c4ccc(C(F)(F)F)cc4)nn3)CC1)CC2,5.33,0
30,OCc1ccc(-c2ccc(N3CCC(c4noc5ccc(F)cc45)CC3)nn2)cn1,3.7,0
31,Cc1cn(-c2ccc(N3CCC(n4ccc5ccccc54)CC3)nn2)cn1,3.77,0
32,CCOC(=O)Cn1cc(-c2ccc(N3CCC(N4CCc5ccc(F)cc54)CC3)nn2)cn1,3.07,0
33,NC(=O)Cn1cc(-c2ccc(N3CCC(N4CCc5ccc(F)cc54)CC3)nn2)cn1,2,1
34,Cc1nc(-n2cnn(Cc3ccc(F)cc3)c2=O)sc1C(=O)NCc1cccnc1,2.31,1
35,Cc1nc(-n2cnn(Cc3ccc(C(F)(F)F)cc3)c2=O)sc1C(=O)NCc1ccccn1,3.19,0
36,O=C(NCc1cccnc1)c1cc(-n2cnn(Cc3ccc(F)cc3)c2=O)n[nH]1,1.27,1
37,CNC(=O)c1cc(-n2cnn(Cc3ccc(F)cc3)c2=O)n[nH]1,0.3,1
38,O=C(O)Cn1nnc(-c2cnc(-c3cn(Cc4cc(Cl)c(Cl)c(Cl)c4)nn3)s2)n1,3.15,0
39,O=C(NCCC1CC1)c1ccc(N2CCN(C(=O)c3cc(F)ccc3F)CC2)nn1,2.25,1
40,O=C(NCCC1CC1)c1ccc(N2CCN(C(=O)c3cc(F)ccc3C(F)(F)F)CC2)nn1,3.13,0
41,O=C(NCc1ccc(C(F)(F)F)o1)c1ccc(N2CCN(C(=O)c3ccccc3C(F)(F)F)CC2)nn1,4,0
42,CC(CNC(=O)c1ccc(N2CCN(C(=O)c3ccccc3C(F)(F)F)CC2)nn1)c1ccccc1,3.99,0
43,CNC(=O)c1nccnc1NCC(=O)N1CCC(Oc2ccccc2Br)CC1,2.08,1
44,O=Cc1nccnc1NCC(=O)N1CCC(Oc2ccccc2Cl)CC1,2.42,1
45,CCNC(=O)c1nccnc1NCC(=O)N1CCC(Oc2ccccc2Cl)CC1,2.36,1
46,O=C(NCCO)c1ncccc1NCC(=O)N1CCC(Oc2ccccc2C(F)(F)F)CC1,2.3,1
47,NC(=O)c1ncccc1NCC(=O)N1CCC(Oc2ccccc2C(F)(F)F)CC1,2.68,1
48,Cc1c(C(=O)N=C(N)N)ncn1Cc1ccc(Cl)cc1,1.31,1
49,OCc1nnc(-c2ccc(N3CCC(c4noc5ccc(F)cc45)CC3)nn2)o1,2.68,1
50,Fc1ccc2onc(C3CCN(c4ccc(-c5cn[nH]c5)nn4)CC3)c2c1,3.53,0
51,COCc1cnn(-c2ccc(N3CCC(c4noc5ccc(F)cc45)CC3)nn2)c1,3.47,0
52,Cn1cc(-c2ccc(N3CCC(n4nnc5ccccc54)CC3)nn2)cn1,2.46,1
53,FC(F)(F)c1ccc(Cl)c(OC2CCN(c3nccnn3)CC2)c1,3.59,0
54,O=C(O)Cn1nnc(-c2cncc(-c3cn(Cc4cc(Br)c(Br)c(Br)c4)nn3)c2)n1,3.41,0
55,O=C(O)Cn1nnc(-c2cnc(N3CC4(CCN(c5cc(F)ccc5Cl)CC4)C3)s2)n1,2.78,1
56,COc1ccc(F)cc1C(=O)N1CCN(c2ccc(C(=O)NCCC3CC3)nn2)CC1,2.12,1
57,N#Cc1ccccc1C(=O)N1CCN(c2ccc(C(=O)NCCC3CC3)nn2)CC1,1.84,1
58,O=C(NCc1cocn1)c1ccc(N2CCN(C(=O)c3ccccc3C(F)(F)F)CC2)nn1,2.38,1
59,Cc1nc2ccc(NCc3cccc(C(F)(F)F)c3)cc2n(CCNC(=O)CO)c1=O,2.44,1
60,O=C(O)Cn1nnc(-c2cnc(N3CCC4(CCc5c(Br)cccc5O4)CC3)s2)n1,3.01,0
61,CCCCCCCCC1=C(CCCCCCCC(=O)O)C1,6.25,0
62,O=C(O)Cn1nnc(-c2nnc(N3CCC4(CC3)Cc3ccccc3C(=O)O4)s2)n1,1.03,1
63,O=C(O)c1ccc(-c2ccc(N3CCC(Oc4cc(F)ccc4Br)CC3)nn2)nc1,4.19,0
64,O=C(O)c1cncc(-c2ccc(N3CCC(Oc4cc(F)c(F)cc4Br)CC3)nn2)c1,4.33,0
65,Cn1cc(-c2ccc(N3CCC(N4CCc5ccc(C(F)(F)F)cc54)CC3)nn2)cn1,3.93,0
66,O=C(O)c1ccc(-c2ccc(N3CCC(N4CCc5ccc(F)cc54)CC3)nn2)cc1,4.01,0
67,CCn1cc(-c2ccc(N3CCC(N4CCc5ccc(F)cc54)CC3)nn2)cn1,3.53,0
68,OCCc1cnn(-c2ccc(N3CCC(N4CCc5ccc(F)cc54)CC3)nn2)c1,2.37,1
69,Cn1cc(-c2ccc(N3CCC(N4CCc5ccc(F)cc54)CC3)nn2)cn1,3.05,0
70,COc1ccc(/C=C/C(=O)Nc2ncc(Cc3cccc(C(F)(F)F)c3)s2)cc1,5.41,0
71,Cn1cc(-c2ccc(N3CCC(N4CCc5ccc(C(F)(F)F)cc54)CC3)nn2)cn1,3.93,0
72,CNC(=O)Cn1cc(-c2ccc(N3CCC(N4CCc5ccc(F)cc54)CC3)nn2)cn1,2.26,1
73,Cc1ccc(-c2ccc(N3CCC(c4noc5ccc(F)cc45)CC3)nn2)cn1,4.51,0
74,OCn1cc(-c2ccc(N3CCC(n4ccc5ccc(F)cc54)CC3)nn2)cn1,3.23,0
75,Fc1ccc2c(c1)N(C1CCN(c3ccc(-c4ccc(C(F)(F)F)cc4)nn3)CC1)CC2,5.33,0
76,Cc1cnnc(N2CCC(Oc3cc(F)ccc3Cl)CC2)n1,3.02,0
77,Cc1cnnc(N2CCC(Oc3ccccc3Cl)CC2)n1,2.88,1
78,FC(F)(F)c1ccccc1NC1CCN(c2nccnn2)CC1,2.97,1
79,O=C(NCc1ccc(Cl)s1)c1ccc2[nH]c(-c3ccc(Oc4ccccc4C(F)(F)F)cc3)nc2c1,7.69,0
80,O=C(O)Cn1nnc(-c2cc(N3CCC4(CCc5c(Cl)cccc5O4)CC3)no2)n1,2.43,1
81,O=C(O)Cn1nnc(-c2cnc(N3CCC4(CC3)COc3ccccc34)s2)n1,1.81,1
82,O=C(O)Cn1nnc(-c2cnc(N3CCC4(C=Cc5ccccc54)CC3)s2)n1,2.45,1
83,Cc1cc(-c2ccc(N3CCC(c4noc5ccc(F)cc45)CC3)nn2)ccn1,4.51,0
84,Cc1csc(-c2ccc(N3CCC(c4noc5ccc(F)cc45)CC3)nn2)c1,5.18,0
85,Fc1ccc(-c2ccc(N3CCC(N4CCc5ccc(F)cc54)CC3)nn2)cc1,4.45,0
86,COc1ncc(-c2ccc(N3CCC(N4CCc5ccc(F)cc54)CC3)nn2)cn1,3.11,0
87,Cn1cc(-c2ccc(N3CCC(n4ncc5ccc(F)cc54)CC3)nn2)cn1,3.21,0
88,CCOCCn1cc(-c2ccc(N3CCC(c4noc5ccc(F)cc45)CC3)nn2)cn1,4.04,0
89,Cc1cn(-c2ccc(N3CCC(c4noc5ccc(F)cc45)CC3)nn2)cn1,3.64,0
90,OCc1cnn(-c2ccc(N3CCC(c4noc5ccc(F)cc45)CC3)nn2)c1,2.82,1
91,Cc1cn(-c2ccc(N3CCC(N4CCc5ccccc54)CC3)nn2)cn1,3,1
92,Cc1nsc(-c2ccc(N3CCC(c4noc5ccc(F)cc45)CC3)nn2)n1,3.97,0
93,Cc1nsc(-c2ccc(N3CCC(N4CCc5ccccc54)CC3)nn2)n1,3.34,0
94,Fc1ccc2onc(C3CCN(c4ccc(-c5cccnc5)nn4)CC3)c2c1,4.2,0
95,OCCn1cc(-c2ccc(N3CCC(N4CCc5ccc(F)cc54)CC3)nn2)cn1,2.5,1
96,CC(C)CCc1ccccc1NCc1ccc(C(=O)Nc2nc(CCO)cs2)cc1,5.13,0
97,O=C(Nc1ncc(CCCO)s1)c1ccc(CNc2ccccc2C(F)(F)F)cc1,4.95,0
98,Cc1csc(NC(=O)c2ccc(CNc3ccccc3C(F)(F)F)s2)n1,5.4,0
99,Cc1csc(NC(=O)c2ccc(CNc3ccccc3)cc2)n1,4.32,0
100,O=C(O)Cc1csc(NC(=O)c2ccc(CNc3ccccc3Cc3ccccc3)cc2)n1,5.23,0
101,O=C(Nc1nc(CO)cs1)c1ccc(CNc2ccccc2C(F)(F)F)s1,4.58,0
102,CCCCCCCCc1ccccc1NCc1ccc(C(=O)Nc2nc(CC(=O)O)cs2)s1,6.6,0
103,CCCCc1ccccc1NCc1ccc(C(=O)Nc2nc(CO)cs2)cc1,4.84,0
104,COc1ncc(-c2ccc(N3CCC(c4noc5ccc(F)cc45)CC3)nn2)cn1,3.61,0
105,Cn1cc(-c2ccc(N3CCC(N4CCc5c(Cl)cc(Cl)cc54)CC3)nn2)cn1,4.22,0
106,Fc1ccc2c(c1)N(C1CCN(c3ccc(-c4cn[nH]c4)nn3)CC1)CC2,3.04,0
107,Cn1cc(-c2ccc(N3CCC(n4ncc5c(C(F)(F)F)cccc54)CC3)nn2)cn1,4.09,0
108,OCc1cnn(-c2ccc(N3CCC(c4noc5ccc(F)cc45)CC3)nn2)c1,2.82,1
109,Cn1cc(-c2ccc(N3CCC(N4CCc5c(Cl)cccc54)CC3)nn2)cn1,3.56,0
110,OCc1nnc(-c2ccc(N3CCC(c4noc5ccc(F)cc45)CC3)nn2)o1,2.68,1
111,Cc1ccc(-c2ccc(N3CCC(c4noc5ccc(F)cc45)CC3)nn2)cc1,5.12,0
112,COc1ccc(-c2ccc(N3CCC(c4noc5ccc(F)cc45)CC3)nn2)nc1,4.21,0
113,Cn1cc(-c2ccc(N3CCC(N4CCc5ccc(C(F)(F)F)cc54)CC3)nn2)cn1,3.93,0
114,Cn1cc(-c2ccc(N3CCC(n4ncc5c(F)cccc54)CC3)nn2)cn1,3.21,0
115,Cc1cnn(-c2ccc(N3CCC(c4noc5ccc(F)cc45)CC3)nn2)c1,3.64,0
116,Cn1cc(Cl)nc(N2CCC(Oc3cc(F)ccc3Cl)CC2)c1=O,3.27,0
117,Cc1nnc(N2CCC(Oc3cc(C(F)(F)F)ccc3Cl)CC2)nc1C,4.21,0
118,Cc1nnc(-c2ccc(N3CCC(Oc4cc(F)ccc4Cl)CC3)nn2)o1,3.68,0
119,N[C@H](c1ccccc1)c1ccc(C(=O)Nc2nc3ccc(O)cc3s2)cc1,4.3,0
120,COc1ccc2nc(NC(=O)c3ccc([C@H](N)c4ccccc4)cc3)sc2c1,4.61,0
121,COc1ccc2nc(NC(=O)c3cccnc3)sc2c1,2.95,1
122,O=C(Nc1nc2ccccc2s1)c1cccnc1,2.94,1
123,COc1ccc2nc(NC(=O)c3cccnc3)sc2c1,2.95,1
124,COc1ccc2nc(NC(=O)c3ccc([C@H](N)c4ccccc4)cc3)sc2c1,4.61,0
125,OCc1nnc(-c2ccc(N3CCC(c4ccc(C(F)(F)F)cc4)(C(F)(F)F)CC3)nn2)s1,4.61,0
126,OCc1noc(-c2ccc(N3CCC(c4ccc(C(F)(F)F)cc4)(C(F)(F)F)CC3)nn2)n1,4.14,0
127,N#CC1(c2ccc(S(F)(F)(F)(F)F)cc2)CCN(c2ccc(-c3nc(CO)no3)nn2)CC1,4.74,0
128,COc1ccc2nc(NC(=O)c3ccc([C@H](N)c4ccccc4)cc3)sc2c1,4.61,0
129,CCCOc1ccc2nc(NC(=O)c3ccc(C(=O)c4ccccc4)cc3)sc2c1,5.57,0
130,COc1ccc2nc(NC(=O)c3ccc(OCc4ccccc4)cc3)sc2c1,5.14,0
131,COc1ccc2nc(NC(=O)c3ccc(N=[N+]=[N-])cc3)sc2c1,4.5,0
132,COc1ccc2nc(NC(=O)c3ccc(C(=O)NCc4ccccc4)cc3)sc2c1,4.49,0
133,O=C(Nc1nc2ccccc2s1)c1cccnc1,2.94,1
134,COc1ccc(C(=O)Nc2nc3cc(N)ccc3s2)cc1,3.14,0
135,N[C@H](c1ccccc1)c1ccc(C(=O)Nc2nc3ccc(O)cc3s2)cc1,4.3,0
136,COc1ccc2nc(NC(=O)c3ccc([C@H](N)c4ccccc4)cc3)sc2c1,4.61,0
137,COc1ccc2nc(NC(=O)c3ccc([C@H](N)c4ccccc4)cc3)sc2c1,4.61,0
138,COc1ccc2nc(NC(=O)c3ccc(N)cc3)sc2c1,3.14,0
139,COc1ccc(C(=O)Nc2nc3ccc(OC)cc3s2)cc1,3.57,0
140,O=C(Nc1nc2ccccc2s1)c1ccc(-c2ccccc2)cc1,5.22,0
141,Cc1cccc(C(=O)Nc2nc3ccccc3s2)c1,3.86,0
142,COc1ccc(C(=O)Nc2nc3cc(N)ccc3s2)cc1,3.14,0
143,C#CCOc1ccc2nc(NC(=O)c3ccc(C(=O)c4ccccc4)cc3)sc2c1,4.79,0
144,COc1cc2sc(NC(=O)c3ccc(C(=O)c4ccccc4)cc3)nc2cc1Br,5.55,0
145,COc1ccc2nc(NC(=O)c3ccc(C(N)c4ccccc4)cc3)sc2c1,4.61,0
146,Fc1ccc(F)c2c1CCC1(CCN(c3ccc(-c4nnc(Cc5cccnc5)o4)nn3)CC1)O2,4.15,0
147,FC(F)(F)c1cccc2c1CCC1(CCN(c3ccc(-c4nnc(Cc5cccnc5)o4)nn3)CC1)O2,4.9,0
148,COc1ccc(-c2nc3ccc(NCc4cccc(F)c4)nc3n(CCNC(C)=O)c2=O)cc1,3.35,0
149,CCOC(=O)NCCn1c(=O)c(-c2ccc(OC)cc2)nc2cnc(NCc3ccc(Cl)c(Cl)c3)nc21,4.53,0
150,COc1ccc(-c2nc3ccc(NCc4ccc(C)c(C)c4)cc3n(CCNC(C)=O)c2=O)cc1,4.44,0
151,COc1ccc(-c2nc3ccc(NCc4ccc(Cl)c(Cl)c4)nc3n(CCNC(C)=O)c2=O)cc1,4.52,0
152,COc1ccc(-c2nc3ccc(NCc4cccc(C(F)(F)F)c4)nc3n(CCC(N)=O)c2=O)cc1,3.97,0
153,COc1ccc(-c2nc3ccc(NCc4ccccc4Cl)nc3n(CCNC(C)=O)c2=O)cc1,3.87,0
154,CS(=O)(=O)c1ccc2nc(-c3ccc(-c4ccccc4Cl)cc3)[nH]c2c1,4.95,0
155,Cn1cc(-c2ccc(N3CCC(n4ccc5ccc(F)cc54)CC3)nn2)cn1,3.81,0
156,O=C(NCC(O)c1ccccc1)c1ccc(N2CCC3(CC2)CC(O)c2cc(F)ccc2O3)nn1,2.93,1
157,FC(F)(F)c1cccc2c1CCC1(CCN(c3ccc(-c4nc(Cc5cccnc5)n[nH]4)nn3)CC1)O2,4.63,0
158,O=C(NCC(O)c1ccccc1)c1ccc(N2CCC3(CC2)CC(O)c2ccccc2O3)nn1,2.8,1
159,O=C(NCC(O)c1ccccc1)c1ccc(N2CCC3(CC2)CC(O)c2cccc(F)c2O3)nn1,2.93,1
160,O=C(NCC(O)c1cccnc1)c1ccc(N2CCC3(CCc4c(cccc4C(F)(F)F)O3)CC2)nn1,3.72,0
161,COc1ccc2nc(NC(=O)c3ccc([C@@H](N)c4ccccc4)cc3)sc2c1,4.61,0
162,O=C(Nc1nccs1)c1ccc(C(=O)c2ccccc2)cc1,3.63,0
163,COc1ccc2nc(NC(=O)c3ccc(C(=O)c4ccccc4)cc3)sc2c1,4.79,0
164,COc1ccc2nc(NC(=O)c3ccc(C(=O)N4CCN(C)CC4)cc3)sc2c1,2.94,1
165,Cc1cccc(C(=O)Nc2nc3ccccc3s2)c1,3.86,0
166,C#CCOc1ccc2nc(NC(=O)c3ccc(C(=O)c4ccccc4)cc3)sc2c1,4.79,0
167,NC(=O)c1cnc(N2CCN(S(=O)(=O)c3ccccc3C(F)(F)F)CC2)s1,1.77,1
168,NC(=O)c1cnc(N2CCN(Cc3ccccc3C(F)(F)F)CC2)s1,2.58,1
169,NC(=O)c1nc(N2CCC(Oc3ccccc3C(F)(F)F)CC2)no1,2.24,1
170,Cc1nnc(-c2cnc(N3CCC(Oc4ccccc4C(F)(F)F)CC3)s2)s1,5.04,0
171,FC(F)(F)c1ccccc1OC1CCN(c2ncc(-c3ncon3)s2)CC1,4.26,0
172,COCCOc1ccc(C(=O)Nc2ncc(Cc3cccc(C(F)(F)F)c3)s2)cc1OCCO,4.4,0
173,CN(C)c1ccc(C(=O)Nc2ncc(Cc3cccc(C(F)(F)F)c3)s2)cc1OCCO,4.44,0
174,CC(=O)Nc1ccc(C(=O)Nc2ncc(Cc3cccc(C(F)(F)F)c3)s2)cc1OCCO,4.33,0
175,CS(=O)(=O)Nc1ccc(C(=O)Nc2ncc(Cc3cccc(C(F)(F)F)c3)s2)cc1OCCO,3.75,0
176,COc1ccc2nc(NC(=O)c3ccc([C@H](N)c4ccccc4)cc3)sc2c1,4.61,0
177,COc1ccc2nc(NC(=O)c3ccc(Nc4ccccc4)cc3)sc2c1,5.3,0
178,COc1ccc2nc(NC(=O)c3ccc(C(=O)NCc4ccccc4)cc3)sc2c1,4.49,0
179,COc1ccc2nc(NC(=O)c3ccc(C(O)c4ccccn4)cc3)sc2c1,4.03,0
180,COc1ccc(C(=O)Nc2nc3ccc(OC)cc3s2)cc1,3.57,0
181,O=C(Nc1nc(-c2ccccc2)cs1)c1ccc(C(=O)c2ccccc2)cc1,5.29,0
182,C#CCNC(=O)c1ccc(C(=O)Nc2nc3ccc(OC)cc3s2)cc1,2.92,1
183,O=C(NCC(O)c1ccccc1)c1ccc(N2CCC3(CCNc4ccccc4O3)CC2)nn1,3.17,0
184,O=C(Nc1nc(CCCO)c(CCO)s1)c1ccc(CNc2ccccc2C(F)(F)F)cc1,4.49,0
185,O=C(Nc1nc(CO)cs1)c1ccc(CNc2ccccc2C(F)(F)F)cc1,4.52,0
186,Cc1csc(NC(=O)c2ccc(CNc3ccccc3C)nc2)n1,4.02,0
187,Cc1csc(NC(=O)c2ccc(CNc3ccccc3C)cn2)n1,4.02,0
188,Cc1csc(NC(=O)c2ccc(CNc3ccccc3C)cc2)n1,4.62,0
189,O=C(Nc1ccncc1)c1ccc(COc2ccccc2Cl)cc1,4.57,0
190,O=C(O)Cn1nnc(-c2cc(OCCOCc3cc(F)ccc3Br)no2)n1,1.91,1
191,O=C(O)Cn1nnc(-c2cnc(OCCCOc3cc(F)ccc3Br)s2)n1,2.63,1
192,COc1ccc(C(=O)Nc2ncc(Cc3cccc(C(F)(F)F)c3)s2)cc1OCCCO,4.77,0
193,COc1ccc(C(=O)Nc2ncc(Cc3cc(F)cc(F)c3)s2)cc1OCCO,3.64,0
194,COc1ccc(C(=O)Nc2ncc(Cc3cc(C(F)(F)F)cc(C(F)(F)F)c3)s2)cc1OCCO,5.4,0
195,Cc1ccc(-c2ccc(N3CCC(n4ccc5ccc(F)cc54)CC3)nn2)s1,5.45,0
196,Cn1cc(-c2ccc(N3CCC(n4ccc5ccc(F)cc54)CC3)nn2)cn1,3.81,0
197,O=C(NCCC1CC1)c1ccc(N2CCN(C(=O)c3ccoc3C(F)(F)F)CC2)nn1,2.58,1
198,CC1CCCCC1C(=O)N1CCN(c2ccc(C(=O)NCCC3CC3)nn2)CC1,2.48,1
199,O=C(NCCCc1ccccc1)c1ccc(N2CCN(C(=O)c3ccccc3C(F)(F)F)CC2)nn1,3.82,0
200,O=C(Nc1ccc(Cl)cc1)c1ccc(N2CCN(C(=O)c3ccccc3C(F)(F)F)CC2)nn1,4.36,0
201,O=C(NCCCC1CC1)c1ccc(N2CCN(C(=O)c3ccccc3C(F)(F)F)CC2)nn1,3.38,0
202,CC(C)CCNC(=O)c1ccc(N2CCN(C(=O)c3ccccc3C(F)(F)F)CC2)cn1,3.84,0
203,O=C(NCCC1CC1)c1ccc(N2CCN(C(=O)c3cc(Cl)ccc3C(F)(F)F)CC2)nn1,3.64,0
204,Cc1ccc(CNC(=O)c2ccc(N3CCN(C(=O)c4ccccc4C(F)(F)F)CC3)nn2)o1,3.29,0
205,O=C(NCc1ccccc1)c1ccc(N2CCN(C(=O)c3ccccc3C(F)(F)F)CC2)nn1,3.39,0
206,COc1cccc2c1CCC1(CCN(c3nnc(-c4nnn(CC(=O)O)n4)s3)CC1)O2,1.65,1
207,Cc1cc(C(=O)N2CCN(c3ccc(C(=O)NCCC4CC4)nn3)CC2)c(C(F)(F)F)o1,2.89,1
208,O=C(O)Cn1nnc(-c2cnc(N3CCC4(CCc5ccccc54)CC3)s2)n1,2.37,1
209,O=C(CO)Nc1ccc2ncn(Cc3ccc(Cl)c(Cl)c3)c(=O)c2c1,2.68,1
210,COc1ccc(C(=O)Nc2ncc(Cc3cccc(F)c3)s2)cc1OCCO,3.51,0
211,O=C(NC[C@@H](O)c1ccccc1)c1ccc(N2CCN(C(=O)c3ccccc3C(F)(F)F)CC2)nn1,2.92,1
212,O=C(NCC(O)c1ccccc1)c1ccc(N2CCC(C(=O)c3ccccc3OC(F)(F)F)CC2)nn1,3.94,0
213,O=C(NCC(O)c1ccccc1)c1ccc(N2CCC(C(=O)c3ccccc3)CC2)nn1,3.04,0
214,Cc1ccccc1C(=O)C1CCN(c2ccc(C(=O)NCC(O)c3ccncc3)nn2)CC1,2.74,1
215,O=C(NCc1ccccn1)c1nccnc1NCC(=O)N1CCC(Oc2ccccc2Cl)CC1,2.94,1
216,O=C(NCCO)c1nccnc1NCC(=O)N1CCC(Oc2ccccc2Cl)CC1,1.33,1
217,CCCNC(=O)c1ncccc1NCC(=O)N1CCC(Oc2ccccc2C(F)(F)F)CC1,3.72,0
218,O=C(NCc1ccccc1)c1nccnc1NCC(=O)N1CCC(Oc2ccccc2Cl)CC1,3.54,0
219,NC(=O)c1nccnc1NCC(=O)N1CCC(Oc2ccccc2Cl)CC1,1.71,1
220,CNC(=O)c1cccnc1NCC(=O)N1CCC(Oc2ccccc2C(F)(F)F)CC1,2.94,1
221,Cc1nc(N2CCN(C3CCCCO3)C2=O)sc1C(=O)NCc1cccnc1,2.55,1
222,OC(c1ccc2[nH]c(-c3ccc(OCc4ccccc4)cc3)nc2c1)c1ccccc1C(F)(F)F,6.91,0
223,Cc1nc(-c2cncc(Cc3ccccc3)n2)sc1C(=O)NCc1ccccc1,4.43,0
224,CNc1ccc(-c2ccc(N3CCC(n4ccc5ccc(F)cc54)CC3)nn2)cn1,4.52,0
225,Cn1ccnc(N2CCC(Oc3ccccc3C(F)(F)F)CC2)c1=O,2.85,1
226,Cc1nc(N2CCN(Cc3ccc(F)cc3)C2=O)sc1C(=O)NCc1ncco1,2.95,1
227,Cc1nc(N2CCN(Cc3ccccc3)C2=O)sc1C(=O)NCc1ccc(F)cc1,3.96,0
228,Cc1nc(-c2cc(Cc3ccccc3)no2)sc1C(=O)NCc1ccccc1,4.63,0
229,Cc1nc(-n2ccc(NC(=O)c3ccccc3)cc2=O)sc1C(=O)NCc1ccccc1,3.78,0
230,Cc1nc(-n2ccc(NCc3ccccc3)cc2=O)sc1C(=O)NCc1ccccc1,4.14,0
231,Cc1nc(-n2ccc(O)cc2=O)sc1C(=O)NCCc1ccc(F)cc1,2.42,1
232,Cn1cc(-c2ccc(N3CCC(N4CCc5cc(Cl)ccc54)CC3)nn2)cn1,3.56,0
233,OCCn1cc(-c2ccc(N3CCC(N4CCc5ccc(F)cc54)CC3)nn2)cn1,2.5,1
234,OCc1ccc(-c2ccc(N3CCC(N4CCc5ccc(F)cc54)CC3)nn2)cc1,3.81,0
235,Cn1cc(-c2ccc(N3CCC(c4noc5ccc(F)cc45)CC3)nn2)cn1,3.54,0
236,Cn1cc(-c2ccc(N3CCC(N4CCc5ccc(C(F)(F)F)cc54)CC3)nn2)cn1,3.93,0
237,CCn1cc(-c2ccc(N3CCC(c4noc5ccc(F)cc45)CC3)nn2)cn1,4.02,0
238,Cn1cc(-c2ccc(N3CCC(n4ncc5ccccc54)CC3)nn2)cn1,3.07,0
239,CC(C)(C)OC(=O)c1ccc(-c2ccc(N3CCC(N4CCc5ccc(F)cc54)CC3)nn2)cc1,5.27,0
240,CCOCCNC(=O)c1ccc(N2CCN(C(=O)c3ccccc3C(F)(F)F)CC2)nn1,2.22,1
241,O=C(NCCC1CC1)c1ccc(N2CCN(C(=O)c3cc(F)ccc3Cl)CC2)nn1,2.76,1
242,CN(C)c1ccccc1C(=O)N1CCN(c2ccc(C(=O)NCCC3CC3)nn2)CC1,2.03,1
243,O=C(NCCC1CC1)c1ccc(N2CCN(C(=O)c3cc(C(F)(F)F)ccc3C(F)(F)F)CC2)nn1,4.01,0
244,O=C(NCCC1CC1)c1ccc(N2CCN(C(=O)c3ccccc3C(F)(F)F)CC2)nn1,2.99,1
245,CS(=O)(=O)c1ccc2nc(-c3ccc(-c4ccncc4)cc3)[nH]c2c1,3.7,0
246,CS(=O)(=O)c1ccn2cc(-c3ccc(-c4ccccc4)cc3)nc2c1,4.07,0
247,OCCc1cnn(-c2ccc(N3CCC(n4ccc5ccc(F)cc54)CC3)nn2)c1,3.13,0
248,O=C(NCC(O)c1ccccc1)c1ccc(N2CCC(C(=O)c3ccccc3C(F)(F)F)CC2)nn1,4.06,0
249,O=C(NCC(O)c1ccccc1)c1ccc(N2CCC(C(=O)c3ccccc3OC(F)(F)F)CC2)nn1,3.94,0
250,O=C(NCCc1ccccc1)c1ccc(N2CCN(C(=O)c3ccccc3C(F)(F)F)CC2)nn1,3.43,0
251,O=C(NCc1nccs1)c1ccc2[nH]c(-c3ccc(C(=O)c4ccccc4C(F)(F)F)cc3)nc2c1,5.87,0
252,Cn1cc(-c2ccc(N3CCC(n4ccc5ccc(Cl)cc54)CC3)nn2)cn1,4.33,0
253,O=C(NCC(O)c1ccccc1)c1ccc(N2CCC(C(=O)c3ccc(F)cc3)CC2)nn1,3.18,0
254,O=C(O)CCc1nc2nc(N3CCC(Oc4cc(F)ccc4Br)CC3)sc2c(=O)[nH]1,3.35,0
255,O=c1[nH]c(CO)nc2nc(N3CCC(Oc4ccccc4C(F)(F)F)CC3)sc12,2.94,1
256,O=C(NCCC1CC1)c1ccc(N2CCN(C(=O)c3ccccc3F)CC2)nn1,2.11,1
257,O=C(NCCC1CC1)c1ccc(N2CCN(C(=O)c3cnc(Cl)nc3C(F)(F)F)CC2)nn1,2.43,1
258,O=C(NCc1nccs1)c1ccc(N2CCN(C(=O)c3ccccc3C(F)(F)F)CC2)nn1,2.84,1
259,O=C(NCc1ccccn1)c1ccc(N2CCN(C(=O)c3ccccc3C(F)(F)F)CC2)nn1,2.78,1
260,O=C(CO)NCCn1c(=O)c(C(F)(F)F)nc2ccc(NCc3cccc(C(F)(F)F)c3)cc21,3.15,0
261,O=C(O)Cn1nnc(-c2cc(N3CCC(Oc4cc(F)ccc4Br)CC3)no2)n1,2.36,1
262,COc1ccc(C(=O)Nc2cnc(Cc3cc(C(F)(F)F)cc(C(F)(F)F)c3)s2)cc1OCCO,5.4,0
263,COc1ccc(C(=O)Nc2ncc(C(O)c3cccc(C(F)(F)F)c3)s2)cc1OCCO,3.88,0
264,CCN(CC)c1ccc(C(=O)Nc2ncc(Cc3cccc(C(F)(F)F)c3)s2)cc1OCCO,5.22,0
265,O=C(CO)Nc1ccc2ncn(Cc3ccc(Cl)c(C(F)(F)F)c3)c(=O)c2c1,3.05,0
266,Cc1nc2ccc(NCc3cccc(C(F)(F)F)c3)cc2n(CCNC(=O)C(O)CO)c1=O,1.81,1
267,COc1ccc2cc(C(=O)Nc3ncc(Cc4cccc(C(F)(F)F)c4)s3)ccc2c1,6.17,0
268,COc1ccc(C(=O)Nc2ncc(Cc3cccc(C(F)(F)F)c3)s2)cc1OCC(=O)O,4.48,0
269,COc1ccc(C(=O)Nc2ncc(Cc3cccc(Cl)c3)s2)cc1OCCO,4.02,0
270,COc1ccc(C(=O)Nc2ncc(Cc3cc(Cl)ccc3Cl)s2)cc1OCCO,4.67,0
271,COc1ccc(C(=O)Nc2ncc(Cc3cccc(F)c3)s2)cc1OCCO,3.51,0
272,COc1ccc(C(=O)Nc2ncc(Cc3cc(Cl)cc(Cl)c3)s2)cc1OCCO,4.67,0
273,COc1ccc(C(=O)Nc2ncc(Cc3ccc(F)c(Cl)c3)s2)cc1OCCO,4.16,0
274,COc1ccc(C(=O)Nc2ncc(Cc3ccc(F)c(F)c3)s2)cc1OCCO,3.64,0
275,Cc1nc(-n2cnn(Cc3ccc(F)cc3)c2=O)sc1C(N)=O,1.09,1
276,Cc1nc(-n2cnn(Cc3ccc(F)cc3)c2=O)sc1C(=O)NCc1cc[nH]n1,1.64,1
277,Cc1nc(-n2cnn(Cc3ccc(F)cc3)c2=O)sc1C(=O)NCc1cocn1,1.9,1
278,O=C(NCc1ccccc1)c1ccc(N2CCN(C(=O)c3ccccc3C(F)(F)F)CC2)nn1,3.39,0
279,Cc1cccc2c1CCC1(CCN(c3ccc(-c4nnc(Cc5cccnc5)o4)nn3)CC1)O2,4.19,0
280,Fc1cccc2c1CCC1(CCN(c3ccc(-c4nnc(Cc5cccnc5)o4)nn3)CC1)O2,4.02,0
281,c1ccc(Cc2nnc(-c3ccc(N4CCC5(CCc6ccccc6O5)CC4)nn3)o2)nc1,3.88,0
282,c1ccc(Cc2nnc(-c3ccc(N4CCC5(CCc6ccccc6O5)CC4)nn3)o2)nc1,3.88,0
283,Cc1nc(-n2cnn(CCOc3ccc(F)cc3)c2=O)sc1C(=O)NCc1cccnc1,2.34,1
284,Cc1nc(-n2cnn(Cc3ccc(F)cc3)c2=O)sc1C(=O)NCc1nccs1,2.37,1
285,Cc1nc(-n2cnn(Cc3ccc(F)cc3)c2=O)sc1C(=O)NCc1ncco1,1.9,1
286,Cc1nc(-n2cnn(CCCC(F)(F)F)c2=O)sc1C(=O)NCc1cccnc1,2.47,1
287,O=C(NCc1ccncc1)c1cc(-n2cnn(Cc3ccc(F)cc3)c2=O)n[nH]1,1.27,1
288,Clc1cccc2c1CCC1(CCN(c3ccc(-c4nnc(Cc5cccnc5)o4)nn3)CC1)O2,4.53,0
289,O=C(NCc1cccnc1)c1ccc(N2CCC3(CCc4ccccc4O3)CC2)nn1,3.17,0
290,Clc1cccc2c1CCC1(CCN(c3ccc(-c4nnc(Cc5cccnc5)o4)nn3)CC1)O2,4.53,0
291,c1ccc2c(c1)CCC1(CCN(c3ccc(-c4nnc(Cc5ccncc5)o4)nn3)CC1)O2,3.88,0
292,CS(=O)(=O)c1ccc2nc(-c3ccc(-c4ccccc4F)cc3)[nH]c2c1,4.44,0
293,Cc1nc(-n2ccc(OCc3cscn3)cc2=O)sc1C(=O)NCc1ccccc1,3.57,0
294,O=C(O)Cc1cnc(NC(=O)c2ccc(CNc3ccccc3C(F)(F)F)cc2)s1,4.65,0
295,Cc1ccccc1NCc1ccc(C(=O)Nc2nc(CC(=O)O)cs2)cc1,3.94,0
296,Cc1csc(NC(=O)c2ccc(CNc3cccc(Cl)c3)cc2)n1,4.97,0
297,O=C(O)Cc1csc(NC(=O)c2ccc(CNc3ccccc3-c3ccccc3)cc2)n1,5.3,0
298,O=C(O)Cc1csc(NC(=O)c2ccc(CNc3ccccc3Cc3ccccc3)s2)n1,5.29,0
299,O=C(O)Cc1csc(NC(=O)c2ccc(CNc3ccccc3Cl)cc2)n1,4.29,0
300,O=C(Nc1nc(CO)c(C(=O)O)s1)c1ccc(CNc2ccccc2C(F)(F)F)cc1,4.22,0
301,O=C(Nc1nc(CCO)cs1)c1ccc(CNc2ccccc2C(F)(F)F)cc1,4.56,0
302,Cc1csc(NC(=O)c2ccc(CNc3ccccc3Cl)cc2)n1,4.97,0
303,Cc1ncc(CNC(=O)c2sc(-n3cnn(Cc4ccc(F)cc4)c3=O)nc2C)s1,2.68,1
304,Cc1nc(-n2cnn(Cc3ccc(F)cc3)c2=O)sc1C(=O)NCc1ccccn1,2.31,1
305,Cc1nc(-n2cnn(Cc3cc(F)cc(F)c3)c2=O)sc1C(=O)NCc1cccnc1,2.45,1
306,O=C(COc1ccccc1)Nc1ccc2ncn(Cc3ccc(Cl)c(Cl)c3)c(=O)c2c1,4.77,0
307,O=C(NCC(O)c1cccnc1)c1ccc(N2CCC3(CC2)CCN(CCO)c2ccccc2O3)nn1,1.96,1
308,Cc1nc2ccc(NCc3cccc(C(F)(F)F)c3)cc2n(CCNC(N)=O)c1=O,3,1
309,O=C(CO)NCCN1C(=O)COc2ccc(NCc3ccc(Cl)c(Cl)c3)cc21,2.44,1
310,FC(F)(F)c1ccccc1OC1CCN(c2nc3ncccc3s2)CC1,4.76,0
311,Oc1nc2cnc(N3CCC(Oc4ccccc4C(F)(F)F)CC3)nc2[nH]1,3.13,0
312,CNC(=O)c1nccnc1NCC(=O)N1CCC(Oc2c(F)cccc2F)CC1,1.6,1
313,O=C(NCCc1ccccc1)c1ncccc1NCC(=O)N1CCC(Oc2ccccc2C(F)(F)F)CC1,4.55,0
314,O=C(NCc1ccncc1)c1ncccc1NCC(=O)N1CCC(Oc2ccccc2C(F)(F)F)CC1,3.91,0
315,O=C(NCc1cccnc1)c1ncccc1NCC(=O)N1CCC(Oc2ccccc2C(F)(F)F)CC1,3.91,0
316,O=C(NCc1ccccc1)c1cccc(NCC(=O)N2CCC(Oc3ccccc3C(F)(F)F)CC2)n1,4.51,0
317,O=C(NCc1ccccc1)c1ncccc1NCC(=O)N1CCC(Oc2ccccc2Cl)CC1,4.15,0
318,O=C(NC1CCCC1)c1ncccc1NCC(=O)N1CCC(Oc2ccccc2C(F)(F)F)CC1,4.25,0
319,OCc1nsc(-c2ccc(N3CCC(c4ccc(C(F)(F)F)cc4)(C(F)(F)F)CC3)nn2)n1,4.61,0
320,N#CC1(c2ccc(OC(F)(F)F)cc2)CCN(c2ccc(-c3nc(CO)no3)nn2)CC1,2.98,1
321,Cc1csc(-c2ccc(N3CCC(N4CCc5ccc(F)cc54)CC3)nn2)n1,4.08,0
322,CCOCCn1cc(-c2ccc(N3CCC(N4CCc5ccc(F)cc54)CC3)nn2)cn1,3.55,0
323,CCOc1cnn(-c2ccc(N3CCC(N4CCc5ccc(F)cc54)CC3)nn2)c1,3.23,0
324,COc1ccc2c(c1)N(C1CCN(c3ccc(-c4cnn(C)c4)nn3)CC1)CC2,2.92,1
325,Cn1cc(-c2ccc(N3CCC(n4ccc5ccc(F)cc54)CC3)nn2)cn1,3.81,0
326,Cc1nc(-n2ccc(O)cc2=O)sc1C(=O)NCc1cccnc1,1.63,1
327,Cc1nc(-n2ccc(OCc3cccnc3)cc2=O)sc1C(=O)NCc1ccccc1,3.51,0
328,CNC(=O)c1nccnc1NCC(=O)N1CCC(Nc2ccccc2C(F)(F)F)CC1,2.37,1
329,N#Cc1nccnc1NCC(=O)N1CCC(Oc2ccccc2Cl)CC1,2.48,1
330,CNC(=O)c1nccnc1NCC(=O)N1CCC(Oc2ccccc2Cl)CC1,1.97,1
331,O=C(Nc1ccc2ncn(Cc3ccc(Cl)c(Cl)c3)c(=O)c2c1)OCc1ccccc1,5.5,0
332,O=C(CO)Nc1ccc2ncn(Cc3ccc(Cl)c(C(F)(F)F)c3)c(=O)c2c1,3.05,0
333,O=C(CO)Nc1cnc2ncn(Cc3ccc(Cl)c(Cl)c3)c(=O)c2c1,2.08,1
334,COc1ccc(-c2nc3cnc(NCc4ccc(Cl)c(Cl)c4)nc3n(CCNC(=O)c3ccccc3)c2=O)cc1,5.21,0
335,COc1ccc(-c2nc3ccc(NCc4ccc(F)c(Cl)c4)nc3n(CCNC(C)=O)c2=O)cc1,4.01,0
336,NC(=O)c1cnc(N2CC[C@@H](Oc3ccccc3C(F)(F)F)C2)s1,2.92,1
337,NS(=O)(=O)c1cnc(N2CCC(Oc3ccccc3C(F)(F)F)CC2)s1,2.86,1
338,COC(=O)Nc1cnc(N2CCC(Oc3ccccc3C(F)(F)F)CC2)s1,4.39,0
339,FC(F)(F)c1ccccc1OC1CCN(c2ncc(-c3ncco3)s2)CC1,4.86,0
340,N#CC1(c2ccc(C(F)(F)F)cc2)CCN(c2ccc(-c3nc(CO)no3)nn2)CC1,3.1,0
341,N#CC1(c2cccc(Cl)c2)CCN(c2ccc(-c3nc(CO)no3)nn2)CC1,2.73,1
342,OCc1nnc(-c2ccc(N3CCC(c4ccc(C(F)(F)F)cc4)(C(F)(F)F)CC3)nn2)o1,4.14,0
343,Nc1ncnc2nc(N3CCC(Oc4ccccc4C(F)(F)F)CC3)sc12,3.74,0
344,Cc1ncc2sc(N3CCC(Oc4ccccc4C(F)(F)F)CC3)nc2n1,4.46,0
345,Nc1ncnc2[nH]c(N3CCC(Oc4ccccc4C(F)(F)F)CC3)nc12,3,1
346,CN1CCC2(CCN(c3ccc(C(=O)NCC(O)c4cccnc4)nn3)CC2)Oc2ccccc21,2.59,1
347,COc1ccc(-c2nc3cnc(NCc4ccc(Cl)c(Cl)c4)cc3n(CCNC(C)=O)c2=O)cc1,4.52,0
348,COc1ccc(-c2nc3ccc(NCc4ccc(Cl)c(C(F)(F)F)c4)cc3n(CCNC(C)=O)c2=O)cc1,5.49,0
349,CNC(=O)c1nccnc1NCC(=O)N1CCC(C(=O)c2ccccc2)CC1,1.37,1
350,O=C(NCc1ccncc1)c1nccnc1NCC(=O)N1CCC(Oc2ccccc2Cl)CC1,2.94,1
351,CN(C)C(=O)c1ncccc1NCC(=O)N1CCC(Oc2ccccc2C(F)(F)F)CC1,3.28,0
352,COc1ccc(-c2nc3cnc(NCc4cccc(Cl)c4)nc3n(CCNC(C)=O)c2=O)cc1,3.26,0
353,NC(=O)CCn1c(=O)c(-c2cccnc2)nc2ccc(NCc3cccc(C(F)(F)F)c3)nc21,3.36,0
354,NC(=O)CCn1c(=O)c(-c2ccc(Cl)cc2)nc2cnc(NCc3cccc(C(F)(F)F)c3)nc21,4.01,0
355,COc1ccc(-c2nc3ccc(NCc4cccc(C(F)(F)F)c4)cc3n(CCNC(C)=O)c2=O)cc1,4.84,0
356,COc1ccc(-c2nc3ccc(NCc4ccc(Cl)c(Cl)c4)cc3n(CCNC(C)=O)c2=O)cc1,5.13,0
357,CCc1ccc(-c2nc3ccc(NCc4cccc(C(F)(F)F)c4)cc3n(CCNC(C)=O)c2=O)cc1,5.39,0
358,CNC(=O)c1nccnc1NCC(=O)N1CCC(Oc2c(F)cccc2Cl)CC1,2.11,1
359,O=C(NCc1cccnc1)c1nccnc1NCC(=O)N1CCC(Oc2ccccc2Cl)CC1,2.94,1
360,CC(C)CNC(=O)c1nccnc1NCC(=O)N1CCC(Oc2ccccc2Cl)CC1,3,1
361,NC(=O)c1csc(N2CCC(Oc3ccccc3C(F)(F)F)CC2)n1,3.31,0
362,NC(=O)c1cnc(N2CCC(Sc3ccccc3C(F)(F)F)CC2)s1,4.02,0
363,OCc1nc(-c2cnc(N3CCC(Oc4ccccc4C(F)(F)F)CC3)s2)no1,3.75,0
364,O=C(NCC(O)c1ccccc1)c1ccc(N2CCC3(CC2)CC(O)c2ccccc2O3)nn1,2.8,1
365,O=C(NCC(O)c1ccccc1)c1ccc(N2CCC3(CC2)Oc2ccccc2CC3O)nn1,2.27,1
366,O=C(NCC(O)c1ccccc1)c1ccc(N2CCC3(CC2)Cc2ccccc2CO3)nn1,3.05,0
367,O=C(NCC(O)c1ccccc1)c1ccc(N2CCC3(CC2)CC(O)c2ccc(F)cc2O3)nn1,2.93,1
368,COc1cccc2c1C(O)CC1(CCN(c3ccc(C(=O)NCC(O)c4ccccc4)nn3)CC1)O2,2.8,1
369,O=C(NCC(O)c1ccccc1)c1ccc(N2CCC3(CCc4ccccc4O3)CC2)nn1,3.3,0
370,O=C(NCC(O)c1ccccc1)c1ccc(N2CCC3(CC2)CC(O)c2cc(F)ccc2O3)nn1,2.93,1
371,CS(=O)(=O)c1ccc2nc(-c3ccc(-c4cccs4)cc3)[nH]c2c1,4.36,0
372,CC(C)(C)c1ccc2nc(-c3ccc(-c4ccccc4F)cc3)[nH]c2c1,6.33,0
373,CS(=O)(=O)c1ccc2nc(-c3ccc(-c4ccccn4)cc3)[nH]c2c1,3.7,0
374,CS(=O)(=O)c1ccc2nc(-c3ccc(-c4ccc(O)cc4)cc3)[nH]c2c1,4.01,0
375,N#Cc1ccc2nc(-c3ccc(-c4ccccc4F)cc3)[nH]c2c1,4.91,0
376,CS(=O)(=O)c1cnc2nc(-c3ccc(-c4ccccc4F)cc3)[nH]c2c1,3.83,0
377,CS(=O)(=O)c1ccc2nc(-c3ccc(-c4ccccc4F)nc3)[nH]c2c1,3.83,0
378,c1ccc2c(c1)CCC1(CCN(c3ccc(-c4nnc(Cc5ccncc5)o4)nn3)CC1)O2,3.88,0
379,FC(F)(F)c1cccc2c1CCC1(CCN(c3ccc(-c4nnc(Cc5cccnc5)o4)nn3)CC1)O2,4.9,0
380,O=C(O)Cn1nnc(-c2cc(OCCCCOc3cc(F)ccc3Br)no2)n1,2.55,1
381,CC(C)N1CCC2(CCN(c3ccc(C(=O)NCC(O)c4cccnc4)nn3)CC2)Oc2ccccc21,3.37,0
382,O=C(NCC(O)c1cccnc1)c1ccc(N2CCC3(CC2)CC(=O)c2ccccc2O3)nn1,2.34,1
383,CN1CCC2(CCN(c3ccc(C(=O)NCC(O)c4ccccc4)nn3)CC2)Oc2ccccc21,3.2,0
384,O=C(CO)Nc1ccc2c(=O)n(Cc3ccc(Cl)c(Cl)c3)cnc2c1,2.68,1
385,Fc1ccc(F)c2c1CCC1(CCN(c3ccc(-c4nnc(Cc5cccnc5)o4)nn3)CC1)O2,4.15,0
386,Fc1cccc2c1CCC1(CCN(c3ccc(-c4nnc(Cc5cccnc5)o4)nn3)CC1)O2,4.02,0
387,c1cncc(Cc2nnc(-c3ccc(N4CCC5(CCc6ccccc6O5)CC4)nn3)o2)c1,3.88,0
388,CCS(=O)(=O)c1ccc2nc(-c3ccc(-c4ccccc4F)cc3)[nH]c2c1,4.83,0
389,O=C(Nc1ccc(Oc2cccnc2)c(C(=O)NCc2ccc(Cl)c(Cl)c2)c1)OCc1ccccc1,6.86,0
390,CCOc1ccc(C(=O)Nc2ncc(Cc3cccc(C(F)(F)F)c3)s2)cc1OCCO,4.77,0
391,COc1ccc(C(=O)Nc2nnc(Cc3cccc(C(F)(F)F)c3)s2)cc1OCCO,3.78,0
392,COc1ccc(C(=O)N(C)c2ncc(Cc3cccc(C(F)(F)F)c3)s2)cc1OCCO,4.41,0
393,O=C(Nc1ncc(Cc2cccc(C(F)(F)F)c2)s1)c1ccc(OCCO)c(OCCO)c1,3.75,0
394,CCNc1ccc(C(=O)Nc2ncc(Cc3cccc(C(F)(F)F)c3)s2)cc1OCCO,4.81,0
395,COc1ccc(C(=O)Nc2ncc(Cc3cc(C(F)(F)F)cc(C(F)(F)F)c3)s2)cc1OCCO,5.4,0
396,Cc1ccccc1C(=O)C1CCN(c2ccc(C(=O)NCC(O)c3cccnc3)nn2)CC1,2.74,1
397,Cc1ccccc1C(=O)C1CCN(c2ccc(C(=O)NCC(O)c3ccccn3)nn2)CC1,2.74,1
398,Cc1ccccc1C(=O)C1CCN(c2ccc(C(=O)NCC(O)c3cccnc3)nn2)CC1,2.74,1
399,O=C(NCC(O)c1ccccc1)c1ccc(N2CCC(C(=O)c3ccccc3C(F)(F)F)CC2)nn1,4.06,0
400,COc1ccc(C(=O)Nc2ncc(Cc3cccc(C(F)(F)F)c3)s2)cc1OCCO,4.38,0
401,COc1ccc(-c2nc3cnc(NCc4ccc(Cl)c(Cl)c4)nc3n(CCNC(C)=O)c2=O)cc1,3.92,0
402,COc1ccc(-c2nc3cnc(NCc4ccc(F)c(Cl)c4)nc3n(CCNC(C)=O)c2=O)cc1,3.4,0
403,Cc1ccc(-c2nc3cnc(NCc4cccc(C(F)(F)F)c4)nc3n(CCC(N)=O)c2=O)cc1,3.67,0
404,COc1ccc(-c2nc3ccc(NCc4cccc(Cl)c4)nc3n(CCNC(C)=O)c2=O)cc1,3.87,0
405,COc1ccc(-c2nc3ccc(NCc4cc(C(F)(F)F)ccn4)nc3n(CCNC(C)=O)c2=O)cc1,3.63,0
406,COc1ccc(-c2nc3ccc(NCc4cc(OC)on4)nc3n(CCNC(C)=O)c2=O)cc1,2.21,1
407,COc1ccc(-c2nc3ccc(NCc4ccccc4)nc3n(CCNC(C)=O)c2=O)cc1,3.22,0
408,COc1ccc(-c2nc3ccc(NCc4cccc(OC)c4)nc3n(CCNC(C)=O)c2=O)cc1,3.22,0
409,CC(=O)NCCn1c(=O)c(-c2cccnc2)nc2ccc(NCc3cccc(C(F)(F)F)c3)nc21,3.62,0
410,CC(=O)NCCn1c(=O)c(-c2cccnc2)nc2ccc(NCc3cccc(C(F)(F)F)c3)cc21,4.23,0
411,O=C(c1ccccc1C(F)(F)F)N1CCN(c2nccs2)CC1,3.12,0
412,O=C(O)c1cnc(N2CCN(C(=O)c3ccccc3C(F)(F)F)CC2)s1,2.82,1
413,NC(=O)c1nnc(N2CCC(Oc3ccccc3C(F)(F)F)CC2)s1,2.7,1
414,FC(F)(F)c1ccccc1OC1CCN(c2ncc(-c3nnco3)s2)CC1,4.26,0
415,Cc1ccccc1C(=O)C1CCN(c2ccc(C(=O)NCC(O)c3ccccc3F)nn2)CC1,3.49,0
416,O=C(NCC(O)c1ccccc1)c1ccc(N2CCC(C(=O)c3ccc(F)cc3)CC2)nn1,3.18,0
417,Cc1ccccc1C(=O)C1CCN(c2ccc(C(=O)NCC(O)c3ccccc3F)nn2)CC1,3.49,0
418,NC(=O)c1cnc(N2CC[C@H](Oc3ccccc3C(F)(F)F)C2)s1,2.92,1
419,NC(=O)c1nnc(N2CCC(Oc3ccccc3C(F)(F)F)CC2)o1,2.24,1
420,O=C1CCCN1c1cnc(N2CCC(Oc3ccccc3C(F)(F)F)CC2)s1,4.34,0
421,O=C(NCCc1ccccc1)c1ccc(N2CCN(C(=O)c3ccccc3C(F)(F)F)CC2)cc1,4.64,0
422,Cc1ccccc1C(=O)C1CCN(c2ccc(C(=O)NCC(O)c3cccs3)nn2)CC1,3.41,0
423,O=c1[nH]c(N2CCC(Oc3ccccc3C(F)(F)F)CC2)nc2[nH]cnc12,2.71,1
424,Cc1ccccc1C(=O)C1CCN(c2ccc(C(=O)NCC(O)c3ccncc3)nn2)CC1,2.74,1
425,O=C(Nc1ncc(Cc2cccc(C(F)(F)F)c2)s1)c1ccc2ccccc2c1,6.16,0
426,COc1ccc(C(=O)Nc2ncc(Cc3cccc(C(F)(F)F)c3)s2)cc1OCC(C)(C)O,5.16,0
427,COc1ccc(C(=O)Nc2ncc(Cc3ccc(F)c(Cl)c3)s2)cc1OCCO,4.16,0
428,COc1ccc(C(=O)Nc2ncc(Cc3cccc(C(F)(F)F)c3)s2)cc1OCCO,4.38,0
429,COc1ccc(C(=O)Nc2ncc(Cc3cccc(C(F)(F)F)c3)s2)cc1OCC(O)CO,3.75,0
430,COc1ccc(C(=O)Nc2ncc(Cc3cccc(Cl)c3)s2)cc1OCCO,4.02,0
431,O=C(NCC(O)c1ccccc1)c1ccc(N2CCC3(CC2)Cc2ccccc2C(=O)O3)nn1,2.69,1
432,COC1CC2(CCN(c3ccc(C(=O)NCC(O)c4ccccc4)nn3)CC2)Oc2ccccc21,3.45,0
433,O=C(O)c1cncc(-c2ccc(N3CCC(Oc4ccccc4C(F)(F)F)CC3)nn2)c1,4.3,0
434,Fc1ccc(Br)c(OC2CCN(c3ncnc4[nH]cnc34)CC2)c1,3.3,0
435,O=C(NCCc1ccccc1)c1ccc(N2CCN(C(=O)c3ccccc3C(F)(F)F)CC2)nc1,4.04,0
436,O=C(O)C(=O)Nc1ccc2ncn(Cc3ccc(Cl)c(Cl)c3)c(=O)c2c1,2.77,1
437,O=C(O)c1cccc(-c2ccc(N3CCC(Oc4ccccc4C(F)(F)F)CC3)nn2)c1,4.91,0
438,O=C(O)Cn1nnc(-c2cnc(N3CCC4(CC3)NC(=O)c3ccccc3O4)s2)n1,1,1
439,O=C(O)Cn1nnc(-c2cc(N3CCC4(CCc5c(Br)cccc5O4)CC3)no2)n1,2.54,1
440,COc1ccc(-c2nc3ccc(NCc4ccc(Cl)c(C(F)(F)F)c4)cc3n(CCNC(C)=O)c2=O)cc1,5.49,0
441,Cc1nc(OCCCOc2cc(F)ccc2Br)sc1-c1nnn(CC(=O)O)n1,2.94,1
442,COc1cc(C(=O)Nc2ncc(Cc3cccc(C(F)(F)F)c3)s2)ccc1OCCO,4.38,0
443,COc1ccc(C(=O)Nc2ncc(Cc3cc(Cl)cc(Cl)c3)s2)cc1OCCO,4.67,0
444,COc1ccc(C(=O)Nc2ccc(Cc3cccc(C(F)(F)F)c3)s2)cc1OCCO,4.99,0
445,COc1ccc(C(=O)Nc2ncc(C(=O)c3cccc(C(F)(F)F)c3)s2)cc1OCCO,4.02,0
446,COc1ccc(C(=O)Nc2ncc(Cc3cccc(C(F)(F)F)c3)s2)cc1OCC(C)O,4.77,0
447,COc1ccc(C(=O)Nc2ncc(Cc3ccc(Cl)c(Cl)c3)s2)cc1OCCO,4.67,0
448,COc1ccc(C(=O)Nc2ncc(Cc3cc(Cl)ccc3Cl)s2)cc1OCCO,4.67,0
449,Cc1nc(N2CCN(Cc3ccc(F)cc3)C2=O)sc1C(N)=O,2.13,1
450,Cc1nc(-n2ccc(OCC3CCCO3)cc2=O)sc1C(=O)NCc1ccccc1,3.09,0
451,COc1ccn(-c2nc(C)c(C(=O)NCc3ccccc3)s2)c(=O)c1,2.54,1
452,Cc1nc(-n2ccc(OCc3ccccc3)cc2=O)sc1C(=O)NCc1ccccc1,4.11,0
453,Cc1nc(-n2ccc(OCCC3CC3)cc2=O)sc1C(=O)NCc1ccccc1,3.71,0
454,Cc1nc(-n2ccc(CCc3ccccc3)cc2=O)sc1C(=O)NCc1ccccc1,4.32,0
455,CS(=O)(=O)c1ccc2nc(-c3ccc(-c4ccccc4)cc3)[nH]c2c1,4.3,0
456,CS(=O)(=O)c1ccc2nc(-c3ccc(-c4ccoc4)cc3)[nH]c2c1,3.89,0
457,NC(=O)c1cn(Cc2cc(Br)c(Br)c(Br)c2)nn1,2.71,1
458,O=C(O)Cn1nnc(-c2cc(-c3cn(Cc4cc(Br)c(Br)c(Br)c4)nn3)no2)n1,3.01,0
459,COc1ccc(-c2nc3cnc(NCc4ccc(Cl)c(F)c4)nc3n(CCNC(C)=O)c2=O)cc1,3.4,0
460,COc1ccc(-c2nc3ccc(NCc4ccc(F)c(C(F)(F)F)c4)nc3n(CCNC(C)=O)c2=O)cc1,4.37,0
461,COc1ccc(-c2nc3ccc(NCc4cccc(C)c4)cc3n(CCNC(C)=O)c2=O)cc1,4.13,0
462,NC(=O)CCn1c(=O)c(-c2cccnc2)nc2cnc(NCc3cccc(C(F)(F)F)c3)nc21,2.75,1
463,COc1ccc(-c2nc3ccc(NCc4cccc(C(F)(F)F)n4)nc3n(CCNC(C)=O)c2=O)cc1,3.63,0
464,COc1ccc(-c2nc3ccc(NCc4cccc(C)c4)nc3n(CCNC(C)=O)c2=O)cc1,3.52,0
465,CNC(=O)CCn1c(=O)c(-c2ccc(OC)cc2)nc2ccc(NCc3cccc(C(F)(F)F)c3)nc21,4.23,0
466,CC(=O)NCCn1c(=O)c(-c2ccc(C)cc2)nc2cnc(NCc3ccc(Cl)c(Cl)c3)cc21,4.82,0
467,COc1ccc(-c2nc3ccc(NCc4cc(C(F)(F)F)ccn4)cc3n(CCNC(C)=O)c2=O)cc1,4.23,0
468,O=C(Nc1ccc2ncn(Cc3ccc(Cl)cc3)c(=O)c2c1)OCc1ccccc1,4.85,0
469,O=C(Nc1ccc2ncn(Cc3ccc(F)c(Cl)c3)c(=O)c2c1)OCc1ccccc1,4.99,0
470,Cc1ccc(Cn2cnc3ccc(NC(=O)OCc4ccccc4)cc3c2=O)cc1C,4.81,0
471,O=C(CO)Nc1ccc2ncn(Cc3ccc(Cl)cc3)c(=O)c2c1,2.03,1
472,FC(F)(F)c1ccccc1OC1CCN(c2nnc(-c3nn[nH]n3)s2)CC1,2.78,1
473,Cn1cc(-c2ccc(N3CCC(N4CCc5ccc(F)cc54)CC3)nn2)cn1,3.05,0
474,OCc1ccc(-c2ccc(N3CCC(n4ccc5ccc(F)cc54)CC3)nn2)cc1,4.57,0
475,COc1ccc(-c2nc3ccc(NCc4cccc(C(F)(F)F)c4)nc3n(CCNC(C)=O)c2=O)cc1,4.23,0
476,COc1ccc(-c2nc3ccc(NCc4cc(C(F)(F)F)cc(C(F)(F)F)c4)nc3n(CCNC(C)=O)c2=O)cc1,5.25,0
477,CC(=O)NCCn1c(=O)c(-c2cccnc2)nc2cnc(NCc3ccc(Cl)c(Cl)c3)cc21,3.91,0
478,O=C(O)c1cncc(-c2ccc(N3CCC(Oc4cc(F)ccc4Br)CC3)nn2)c1,4.19,0
479,O=C(O)Cc1cncc(-c2ccc(N3CCC(Oc4cc(F)ccc4Br)CC3)nn2)c1,4.12,0
480,O=C(O)c1cncc(-c2ccc(N3CCC(Oc4cc(F)ccc4Br)CC3)nn2)c1,4.19,0
481,Cn1cc(-c2ccc(N3CCC(c4noc5ccc(F)cc45)CC3)nn2)cn1,3.54,0
482,Cn1cc(-c2ccc(N3CCC(N4CCc5ccc(CO)cc54)CC3)nn2)cn1,2.4,1
483,Cn1cc(-c2ccc(N3CCC(n4ccc5ccc(F)cc54)CC3)nn2)cn1,3.81,0
484,Cc1cnn(-c2ccc(N3CCC(N4CCc5ccc(F)cc54)CC3)nn2)c1,3.14,0
485,Cc1csc(-c2ccc(N3CCC(c4noc5ccc(F)cc45)CC3)nn2)n1,4.57,0
486,Cc1csc(-c2ccc(N3CCC(c4noc5ccc(F)cc45)CC3)nn2)c1,5.18,0
487,Cc1cnc(-c2ccc(N3CCC(c4noc5ccc(F)cc45)CC3)nn2)s1,4.57,0
488,Cn1cc(-c2ccc(N3CCC(n4c(C(F)(F)F)nc5ccccc54)CC3)nn2)cn1,4.09,0
489,Cn1cc(-c2ccc(N3CCC(n4nc(Cl)c5ccccc54)CC3)nn2)cn1,3.72,0
490,Fc1ccc2onc(C3CCN(c4ccc(-n5ccnc5)nn4)CC3)c2c1,3.33,0
491,OCCc1cnn(-c2ccc(N3CCC(c4noc5ccc(F)cc45)CC3)nn2)c1,2.86,1
492,COc1cc(C(=O)Nc2ncc(Cc3cccc(C(F)(F)F)c3)s2)ccc1OCC(=O)O,4.48,0
493,COc1ccc(C(=O)Nc2ncc(Cc3cccc(OC(F)(F)F)c3)s2)cc1OCCO,4.26,0
494,COc1ccc(C(=O)Nc2ncc(Cc3cc(C(F)(F)F)cc(C(F)(F)F)c3)s2)cc1OCCO,5.4,0
495,COc1ccc(C(=O)Nc2ncc(Cc3ccc(F)c(F)c3)s2)cc1OCCO,3.64,0
496,COc1ccc(C(=O)Nc2ncc(Cc3ccc(C)c(F)c3)s2)cc1OCCO,3.81,0
497,O=C(O)Cn1nnc(-c2cnc(N3CCC4(CCc5c(cccc5C(F)(F)F)O4)CC3)s2)n1,3.26,0
498,COc1ccc(Cl)c(N2CC3CN(c4ncc(-c5nnn(CC(=O)O)n5)s4)CC3C2)c1,2.12,1
499,O=C(O)c1cncc(-c2cnc(N3CCC(Oc4cc(F)ccc4Br)CC3)nc2)c1,4.19,0
500,CNC(=O)c1cnc(N2CCN(C(=O)c3ccccc3C(F)(F)F)CC2)s1,2.48,1
501,O=C(NCC(O)c1ccccc1)c1ccc(N2CCC3(CC2)CC(=O)c2ccccc2O3)nn1,2.94,1
502,COc1ccccc1C(=O)C1CCN(c2ccc(C(=O)NCC(O)c3ccccc3)nn2)CC1,3.05,0
503,Cc1ccccc1C(=O)C1CCN(c2ccc(C(=O)NCC(O)c3cccc(F)c3)nn2)CC1,3.49,0
504,Cc1ccccc1C(=O)C1CCN(c2ccc(C(=O)NCC(O)c3ccccn3)nn2)CC1,2.74,1
505,O=C(O)Cn1nnc(-c2cc(N3CC4CN(c5cc(F)ccc5Cl)CC4C3)no2)n1,1.78,1
506,NC(=O)c1cnc(N2CCN(C(=O)c3ccccc3C(F)(F)F)CC2)s1,2.22,1
507,NC(=O)c1cnc(N2CCC(Oc3ccccc3C(F)(F)F)CC2)s1,3.31,0
508,FC(F)(F)c1cccc2c1CCC1(CCN(c3ccc(-c4nnc(Cc5cccnc5)o4)nn3)CC1)O2,4.9,0
509,O=C(O)Cn1nnc(-c2cc(N3CC4CN(c5cc(F)ccc5Cl)CC4C3)no2)n1,1.78,1
510,O=C(O)Cn1nnc(-c2nnc(N3CC4CN(c5cc(F)ccc5Cl)CC4C3)s2)n1,1.64,1
511,O=C(O)Cn1nnc(-c2cnc(N3CCC4(CC3)CN(c3cc(F)ccc3Cl)C4)s2)n1,2.78,1
512,O=C(O)Cn1nnc(-c2cc(N3CCC(Oc4cc(F)ccc4Br)CC3)no2)n1,2.36,1
513,O=C(O)Cn1nnc(-c2cc(OCCCOc3cc(F)ccc3Br)no2)n1,2.16,1
514,O=C(NCC(O)c1ccccc1)c1ccc(N2CCC3(CC2)Cc2ccccc2C3=O)nn1,2.97,1
515,Cc1ccccc1C(=O)C1CCN(c2ccc(C(=O)NCC(O)c3ccccc3)nn2)CC1,3.35,0
516,O=C(NCC(O)c1ccccc1)c1ccc(N2CCC3(CC2)Oc2ccccc2C3=O)nn1,2.55,1
517,COc1ccc(NC(=O)c2ncc(Cc3cccc(C(F)(F)F)c3)s2)cc1OCCO,4.38,0
518,CN(C)CCOc1ccc(C(=O)Nc2ncc(Cc3cccc(C(F)(F)F)c3)s2)cc1OCCO,4.32,0
519,O=C(Nc1ncc(Cc2cccc(C(F)(F)F)c2)s1)c1ccc(N2CCOCC2)c(OCCO)c1,4.21,0
520,NC(=O)c1n[nH]c(N2CCC(Oc3ccccc3C(F)(F)F)CC2)n1,1.97,1
521,NC(=O)Nc1cnc(N2CCC(Oc3ccccc3C(F)(F)F)CC2)s1,3.7,0
522,Cc1ccc(C(=O)Nc2ncc(Cc3cccc(C(F)(F)F)c3)s2)cc1C,5.62,0
523,COc1ccc(C(=O)Nc2ncc(Cc3cccc(C(F)(F)F)c3)s2)cc1OC,5.02,0
524,COc1ccc(C(=O)Nc2ncc(Cc3cccc(C(F)(F)F)c3)s2)cc1,5.01,0
525,COc1ccc(C(=O)Nc2ncc(Cc3cccc(C(C)(C)C)c3)s2)cc1OCCO,4.66,0
526,COc1ccc(C(=O)Nc2ncc(Cc3cc(F)cc(F)c3)s2)cc1OCCO,3.64,0
527,COc1ccc(C(=O)Nc2ncc(Cc3ccc(F)c(C(F)(F)F)c3)s2)cc1OCCO,4.52,0
528,COc1ccc(C(=O)Nc2ncc(Cc3ccc(C)c(F)c3)s2)cc1OCCO,3.81,0
529,FC(F)(F)c1cccc2c1CCC1(CCN(c3ccc(-c4nnc(CCc5cccnc5)o4)nn3)CC1)O2,5.09,0
530,CS(=O)(=O)c1ccc2nc(-c3ccc(-c4cccc(O)c4)cc3)[nH]c2c1,4.01,0
531,COc1ccc(-c2nc3ccc(NCc4cccc(C(F)(F)F)c4)cc3n(CCNC(C)=O)c2=O)cc1,4.84,0
532,Cc1ccccc1C(=O)C1CCN(c2ccc(C(=O)NCC(O)c3cccnc3)nn2)CC1,2.74,1
533,Cc1cccc2c1CCC1(CCN(c3ccc(-c4nnc(Cc5cccnc5)o4)nn3)CC1)O2,4.19,0
534,COc1ccc(C(=O)Nc2ncc(Oc3cccc(C(F)(F)F)c3)s2)cc1OCCO,4.59,0
535,O=C(NCC(O)c1cccnc1)c1ccc(N2CCC3(CCc4c(cccc4C(F)(F)F)O3)CC2)nn1,3.72,0
536,O=C(NCC(O)c1ccccc1)c1ccc(N2CCC3(CC2)CC(=O)c2ccccc2O3)nn1,2.94,1
537,COc1cccc2c1C(O)CC1(CCN(c3ccc(C(=O)NCC(O)c4ccccc4)nn3)CC1)O2,2.8,1
538,O=C(NCC(O)c1cccnc1)c1ccc(N2CCC3(CCc4c(F)cccc4O3)CC2)nn1,2.84,1
539,O=C(NCCc1ccccc1)c1ccc(N2CCN(C(=O)c3ccccc3C(F)(F)F)CC2)cn1,4.04,0
540,Cc1ccccc1C(=O)C1CCN(c2ccc(C(=O)NCC(O)c3ccccc3)nn2)CC1,3.35,0
541,Cc1ccccc1C(=O)C1CCN(c2ccc(C(=O)NCC(O)c3cccc(F)c3)nn2)CC1,3.49,0
542,Cc1ccccc1C(=O)C1CCN(c2ccc(C(=O)NCC(O)c3ccc(F)cc3)nn2)CC1,3.49,0
543,O=C(NC[C@H](O)c1ccccc1)c1ccc(N2CCN(C(=O)c3ccccc3C(F)(F)F)CC2)nn1,2.92,1
544,O=C(NCC(O)c1ccccc1)c1ccc(N2CCC(C(=O)c3ccccc3)CC2)nn1,3.04,0
545,Cc1ccccc1C(=O)C1CCN(c2ccc(C(=O)NCC(O)c3ccsc3)nn2)CC1,3.41,0
546,O=C(NCC(O)c1ccccc1)c1ccc(N2CCC3(CCc4ccccc4C3=O)CC2)nn1,3.36,0
547,O=C(NCC(O)c1ccccc1)c1ccc(N2CCC3(CC2)Oc2ccccc2CC3=O)nn1,2.48,1
548,O=C(NCC(O)c1ccccc1)c1ccc(N2CCC3(CCc4ccccc4O3)CC2)nn1,3.3,0
549,CS(=O)(=O)c1ccc2nc(-c3ccc(-c4cccc(Cl)c4)cc3)[nH]c2c1,4.95,0
550,FC(F)(F)c1cccc2c1CCC1(CCN(c3ccc(-c4nnc(Cc5cccnc5)o4)nn3)CC1)O2,4.9,0
551,O=C(NCc1cccnc1)c1ccc(N2CCC3(CCc4ccccc4O3)CC2)nn1,3.17,0
552,C[S+]([O-])c1ccc2nc(-c3ccc(-c4ccccc4F)cc3)[nH]c2c1,4.77,0
553,O=C(O)Cn1nnc(-c2nnc(N3CCC(Oc4cc(F)ccc4Br)CC3)s2)n1,2.23,1
554,O=C(O)Cn1nnc(-c2cc(N3CCC(Oc4cc(F)ccc4Br)CC3)no2)n1,2.36,1
555,O=C(NCC(O)c1ccccc1)c1ccc(N2CCC3(CC2)CC(=O)c2ccccc2O3)nn1,2.94,1
556,O=C(CO)Nc1ccc2ncn(Cc3cccc(-c4ccccc4)c3)c(=O)c2c1,3.04,0
557,O=C(NCC(O)c1cccnc1)c1ccc(N2CCC3(CCc4c(F)ccc(F)c4O3)CC2)nn1,2.98,1
558,O=C(NCc1cccnc1)Nc1ccc(N2CCC3(CCc4c(cccc4C(F)(F)F)O3)CC2)nn1,4.58,0
559,COc1cc(C(=O)Nc2ncc(Cc3cccc(C(F)(F)F)c3)s2)ccc1OCCN1CCOCC1,4.72,0
560,COc1ccc(C(=O)Nc2ncc(Cc3cccc(OC(F)(F)F)c3)s2)cc1OCCO,4.26,0
561,O=C(NCC(O)c1ccccc1)c1ccc(N2CCC3(CC2)Cc2ccccc2CO3)nn1,3.05,0
562,Cc1nc(N2CCN(Cc3ccccc3)C2=O)sc1C(=O)NCc1cccc(F)c1,3.96,0
563,Cc1nc(NC(=O)Cc2ccccc2)sc1C(=O)NCc1ccccc1,3.56,0
564,O=C(NCc1ccccc1)c1ccccc1NCC(=O)N1CCC(Oc2ccccc2Cl)CC1,4.75,0
565,CNC(=O)c1nccnc1NCC(=O)N1CCC(Oc2c(F)ccc(F)c2Cl)CC1,2.25,1
566,CNC(=O)c1nccnc1NCC(=O)N1CCC(Oc2c(Cl)cccc2Cl)CC1,2.62,1
567,O=C(CNc1nccnc1Cl)N1CCC(Oc2ccccc2Cl)CC1,3.27,0
568,COC(=O)c1nccnc1NCC(=O)N1CCC(Oc2ccccc2Cl)CC1,2.4,1
569,CCNC(=O)c1ncccc1NCC(=O)N1CCC(Oc2ccccc2C(F)(F)F)CC1,3.33,0
570,Cc1nnc(-c2ccc(N3CCC(Oc4ccccc4C(F)(F)F)CC3)nn2)s1,4.37,0
571,CNC(=O)c1ncccc1NCC(=O)N1CCC(Oc2ccccc2C(F)(F)F)CC1,2.94,1
572,CC(C)(C)c1ccc(C2(C#N)CCN(c3ccc(-c4nc(CO)no4)nn3)CC2)cc1,3.38,0
573,N#CC1(c2ccc(Cl)cc2)CCN(c2ccc(-c3nc(CO)no3)nn2)CC1,2.73,1
574,NC1(c2ccccc2)CCN(c2ccc(-c3nc(CO)no3)nn2)CC1,1.47,1
575,Cc1nc(N2CCN(Cc3ccc(F)cc3)C2=O)sc1C(=O)NCCc1ccccn1,3.4,0
576,CCCCN1CCN(c2nc(C)c(C(=O)NCc3cccnc3)s2)C1=O,2.82,1
577,Cc1nc(-c2noc(Cc3ccccc3)n2)sc1C(=O)NCc1ccccc1,4.02,0
578,NC(=O)c1cnc(N2CCN(C(=O)c3ccccc3C(F)(F)F)CC2)s1,2.22,1
579,Cc1ccccc1C(=O)C1CCN(c2ccc(C(=O)NCC(O)c3ccsc3)nn2)CC1,3.41,0
580,Cc1ccccc1C(=O)C1CCN(c2ccc(C(=O)NCC(O)c3ccccc3)nn2)CC1,3.35,0
581,Cc1ccccc1C(=O)C1CCN(c2ccc(C(=O)NCC(O)c3ccc(F)cc3)nn2)CC1,3.49,0
582,NS(=O)(=O)c1ccc2nc(-c3ccc(-c4ccccc4F)cc3)[nH]c2c1,3.68,0
583,CS(=O)(=O)c1ccc2nc(-c3ccc(-c4cccc(F)c4)cc3)[nH]c2c1,4.44,0
584,Cc1nc(-n2ccc(C(F)(F)F)cc2=O)sc1C(=O)NCc1ccccc1,3.55,0
585,Cc1nc(-n2ccc(O)cc2=O)sc1C(=O)NCc1ccc(F)c(F)c1,2.52,1
586,Cc1nc(-n2ccc(O)cc2=O)sc1C(=O)NCc1ccc(F)cc1,2.38,1
587,COc1ccc(-c2nc3ccc(NCc4ccc(Cl)c(Cl)c4)cc3n(CCNC(C)=O)c2=O)cc1,5.13,0
588,O=C(O)Cn1nnc(-c2cnc(N3CC4(C3)CN(c3cc(F)ccc3Cl)C4)s2)n1,2,1
589,Cn1ccc(NC(=O)c2cn(Cc3cccc(OC(F)(F)F)c3)cn2)n1,2.82,1
590,OCn1cc(-c2ccc(N3CCC(n4ccc5ccc(F)cc54)CC3)nn2)cn1,3.23,0
591,Fc1cc(Br)c(OC2CCN(c3nccnn3)CC2)cc1F,2.96,1
592,CC1CN(c2nccnn2)CCC1Oc1cc(C(F)(F)F)ccc1Cl,3.84,0
593,O=C(O)Cn1nnc(-c2nnc(N3CCC4(CCc5c(Cl)cccc5O4)CC3)s2)n1,2.29,1
594,O=C(O)Cn1nnc(-c2nnc(N3CCC4(CCc5c(Cl)cccc5O4)CC3)s2)n1,2.29,1
595,O=C(O)Cn1nnc(-c2cnc(N3CCC4(CC3)CC(=O)c3ccccc3O4)s2)n1,1.89,1
596,Cc1cccc2c1CCC1(CCN(c3ncc(-c4nnn(CC(=O)O)n4)s3)CC1)O2,2.55,1
597,O=C(O)Cn1ccn(-c2cnc(N3CCC4(CCc5c(Cl)cccc5O4)CC3)s2)c1=O,3.2,0
598,O=C(NCC(O)c1ccccc1)c1ccc(N2CCC3(C=Cc4ccccc4O3)CC2)nn1,3.38,0
599,O=c1[nH]ccc2nc(N3CCC(Oc4ccccc4C(F)(F)F)CC3)sc12,4.05,0
600,FC(F)(F)c1ccccc1OC1CCN(c2ncnc3[nH]cnc23)CC1,3.42,0
601,Cc1cnc(CNC(=O)c2sc(-n3cnn(Cc4ccc(F)cc4)c3=O)nc2C)cn1,2.01,1
602,Cc1nc(-n2cnn(Cc3ccc(F)cc3)c2=O)sc1C(=O)NCc1ccc(C(F)(F)F)nc1,3.33,0
603,Cn1cc(-c2ccc(N3CCC(n4ncc5ccc(Cl)cc54)CC3)nn2)cn1,3.72,0
604,OCCn1cc(-c2ccc(N3CCC(n4ncc5ccc(F)cc54)CC3)nn2)cn1,2.66,1
605,Cc1cn(-c2ccc(N3CCC(c4noc5cc(F)ccc45)CC3)nn2)cn1,3.64,0
606,COc1ccc(-c2ccc(N3CCC(N4CCc5ccc(F)cc54)CC3)nn2)cn1,3.72,0
607,Cn1cc(-c2ccc(N3CCC(n4ncc5cc(F)ccc54)CC3)nn2)cn1,3.21,0
608,Cc1ccn(-c2ccc(N3CCC(c4noc5ccc(F)cc45)CC3)nn2)n1,3.64,0
609,Fc1ccc(-c2ccc(N3CCC(N4CCc5ccc(F)cc54)CC3)nn2)cc1,4.45,0
610,FC(F)(F)c1cccc2c1CCC1(CCN(c3ccc(-c4nc(Cc5cccnc5)n[nH]4)nn3)CC1)O2,4.63,0
611,FC(F)(F)c1cccc2c1CCC1(CCN(c3ccc(-c4nnc(Cc5cccnc5)o4)nn3)CC1)O2,4.9,0
612,FC(F)(F)c1cccc2c1CCC1(CCN(c3ccc(-c4nnc(-c5cccnc5)o4)nn3)CC1)O2,4.97,0
613,O=C(NCC(O)c1ccccc1)c1ccc(N2CCC3(CC2)Cc2ccccc2CO3)nn1,3.05,0
614,O=C(NCC(O)c1ccccc1)c1ccc(N2CCC3(CC2)CC(O)c2ccc(F)cc2O3)nn1,2.93,1
615,O=C(NCC(O)c1cccnc1)c1ccc(N2CCC3(CCc4c(Cl)cccc4O3)CC2)nn1,3.35,0
616,Cc1cccc2c1CCC1(CCN(c3ccc(C(=O)NCC(O)c4cccnc4)nn3)CC1)O2,3.01,0
617,O=C(NCC(O)c1ccccc1)c1ccc(N2CCC3(CC2)CC(O)c2c(F)cccc2O3)nn1,2.93,1
618,O=C(NCC(O)c1ccccc1)c1ccc(N2CCC3(CC2)Oc2ccccc2CC3O)nn1,2.27,1
619,O=C(O)Cn1nnc(-c2cnc(N3CCN(c4cc(F)ccc4Cl)CC3)s2)n1,2,1
620,O=C(O)Cn1nnc(-c2cnc(N3C[C@@H]4C[C@H]3CN4c3cc(F)ccc3Cl)s2)n1,2.14,1
621,O=C(O)Cn1nnc(-c2cc(OCCOc3cc(F)ccc3Br)no2)n1,1.77,1
622,O=C(O)Cn1nnc(-c2nnc(OCCCOc3cc(F)ccc3Br)s2)n1,2.03,1
623,O=C(O)Cn1nnc(-c2cnc(OCCCOc3cc(OC(F)(F)F)ccc3Br)s2)n1,3.39,0
624,O=C1CC2(CCN(c3ccc(C(=O)NCC(O)c4ccccc4)nn3)CC2)Oc2ccccc2N1,2.7,1
625,CCN1CCC2(CCN(c3ccc(C(=O)NCC(O)c4cccnc4)nn3)CC2)Oc2ccccc21,2.98,1
626,Cc1nc(N2CCN(CC3CC3)C2=O)sc1C(=O)NCc1cccnc1,2.43,1
627,Cc1nc(-c2cnn(Cc3ccccc3)c2)sc1C(=O)NCc1ccccc1,4.29,0
628,Cc1cnc(CNC(=O)c2sc(-n3ccc(O)cc3=O)nc2C)cn1,1.34,1
629,Cc1nc(-n2ccc(O)cc2=O)sc1C(=O)NCc1ccccc1,2.24,1
630,Cc1nc(-n2cnn(Cc3ccc(F)cc3)c2=O)sc1C(=O)NCc1cn(C)cn1,1.65,1
631,Cc1cc(CNC(=O)c2sc(-n3cnn(Cc4ccc(F)cc4)c3=O)nc2C)[nH]n1,1.95,1
632,Cc1nc(-n2cnn(CC3CC3(F)F)c2=O)sc1C(=O)NCc1cccnc1,1.78,1
633,Cc1nc(-n2cnn(C(C)c3ccc(F)cc3)c2=O)sc1C(=O)NCc1ccccn1,2.87,1
634,Cn1cc(CNC(=O)c2cc(-n3cnn(Cc4ccc(F)cc4)c3=O)n[nH]2)cn1,0.61,1
635,FC(F)(F)c1ccccc1OC1CCN(c2nccnn2)CC1,2.94,1
636,O=C(O)COc1nc2cnc(N3CCC(Oc4cc(F)ccc4Br)CC3)nc2s1,3.5,0
637,Cc1nc2nc(N3CCC(Oc4ccccc4C(F)(F)F)CC3)sc2c(=O)[nH]1,3.75,0
638,Fc1ccc(Br)c(OC2CCN(c3nc4ccccc4s3)CC2)c1,5.25,0
639,Fc1ccc(Br)c(OC2CCN(c3ncc4nc[nH]c4n3)CC2)c1,3.3,0
640,O=C(O)c1cncc(-c2ccc(N3CCC(Oc4ccccc4Cl)CC3)nn2)c1,3.94,0
641,O=C(O)c1cncc(-c2ccc(N3CCC(Oc4cc(F)ccc4Br)CC3)nc2)c1,4.79,0
642,O=C(O)c1cncc(-c2cnc(N3CCC(Oc4cc(F)ccc4Br)CC3)cn2)c1,4.19,0
643,COC(=O)c1ccccc1NCc1ccc(C(=O)Nc2nc(C)cs2)cc1,4.1,0
644,CCCCc1ccccc1NCc1ccc(C(=O)Nc2nc(CCO)cs2)cc1,4.88,0
645,O=C(O)CCc1cnc(NC(=O)c2ccc(CNc3ccccc3C(F)(F)F)cc2)s1,5.04,0
646,COc1ccc(-c2nc3cnc(NCc4ccc(Cl)c(Cl)c4)nc3n(CCNC(=O)c3ccsc3)c2=O)cc1,5.27,0
647,COc1ccc(-c2nc3cnc(NCc4cccc(C(F)(F)F)c4)nc3n(CCC(N)=O)c2=O)cc1,3.37,0
648,CC(=O)NCCn1c(=O)c(-c2cccnc2)nc2cnc(NCc3ccc(Cl)c(Cl)c3)nc21,3.3,0
649,NC(=O)CCn1c(=O)c(-c2cccnc2)nc2cnc(NCc3ccc(Cl)c(Cl)c3)nc21,3.04,0
650,COc1ccc(-c2nc3ccc(NCc4ccc(C(F)(F)F)cc4)nc3n(CCNC(C)=O)c2=O)cc1,4.23,0
651,COc1ccc(-c2nc3ccc(NCc4cc(C(F)(F)F)ccc4F)nc3n(CCNC(C)=O)c2=O)cc1,4.37,0
652,COc1ccc(-c2nc3ccc(NCc4ccc(Cl)c(Cl)c4)nc3n(CCC(N)=O)c2=O)cc1,4.26,0
653,CONC(=O)CCn1c(=O)c(-c2ccc(OC)cc2)nc2ccc(NCc3cccc(C(F)(F)F)c3)nc21,4.17,0
654,O=C(O)c1cncc(-c2ccc(N3CCC(Oc4ccccc4I)CC3)nn2)c1,3.89,0
655,O=C(NCCC1CC1)c1ccc(N2CCN(C(=O)c3ccc(F)cc3C(F)(F)F)CC2)nn1,3.13,0
656,O=C(NCCC1CC1)c1ccc(N2CCN(C(=O)c3cc(Cl)ccc3Cl)CC2)nn1,3.28,0
657,O=C(NCCC1CC1)c1ccc(N2CCN(C(=O)C3CC3C(F)(F)F)CC2)nn1,1.85,1
658,O=C(NCc1ncco1)c1ccc(N2CCN(C(=O)c3ccccc3C(F)(F)F)CC2)nn1,2.38,1
659,O=C(CNC(=O)c1ccc(N2CCN(C(=O)c3ccccc3C(F)(F)F)CC2)nn1)c1ccccc1,3.07,0
660,O=C(NCCc1ccccc1)c1ccc(N2CCN(C(=O)c3ccccc3C(F)(F)F)CC2)nn1,3.43,0
661,CCCCCNC(=O)c1ccc(N2CCN(C(=O)c3ccccc3C(F)(F)F)CC2)nn1,3.38,0
662,Cn1nc(Cc2cccnc2)nc1-c1ccc(N2CCC3(CCc4c(cccc4C(F)(F)F)O3)CC2)nn1,4.64,0
663,O=C(O)c1ccc(-c2ccc(N3CCC(Oc4ccccc4C(F)(F)F)CC3)nn2)cc1,4.91,0
664,O=C(O)c1cncc(-c2ccc(N3CCC(Oc4ccccc4Br)CC3)nn2)c1,4.05,0
665,c1cncc(Cc2nnc(-c3ccc(N4CCC5(CCc6ccccc6O5)CC4)nn3)o2)c1,3.88,0
666,O=C(O)c1cncc(-c2cnc(N3CCC(Oc4cc(F)ccc4Br)CC3)nn2)c1,3.58,0
667,Cc1nc(N2C[C@@H](Cc3ccccc3)NC2=O)sc1C(=O)NCc1ccccc1,3.52,0
668,COc1ccc2nc(NC(=O)c3ccc(C(=O)c4ccccn4)cc3)sc2c1,4.18,0
669,COc1ccc2sc(NC(=O)c3ccc([N+](=O)[O-])cc3)nc2c1,3.47,0
670,O=C(Nc1nc2ccc(OCCBr)cc2s1)c1ccc(C(=O)c2ccccc2)cc1,5.55,0
671,COc1cccc(C(=O)Nc2nc3ccc(OC)cc3s2)c1,3.57,0
672,COc1ccc2nc(NC(=O)c3cccc(C)c3)sc2c1,3.87,0
673,C#CCOc1ccc(C(=O)c2ccc(C(=O)Nc3nc4ccc(OC)cc4s3)cc2)cc1,4.8,0
674,O=C(NCC(O)c1ccccc1)c1ccc(N2CCC3(CC2)CC(O)c2cccc(F)c2O3)nn1,2.93,1
675,FC(F)(F)c1cccc2c1CCC1(CCN(c3ccc(-c4nnc(CCc5cccnc5)o4)nn3)CC1)O2,5.09,0
676,O=C(NCC(O)c1ccccc1)c1ccc(N2CCC3(C=Cc4ccccc4O3)CC2)nn1,3.38,0
677,Cc1cccc2c1CCC1(CCN(c3ccc(C(=O)NCC(O)c4cccnc4)nn3)CC1)O2,3.01,0
678,FC(F)(F)c1cccc2c1CCC1(CCN(c3ccc(-c4nnc(-c5cccnc5)o4)nn3)CC1)O2,4.97,0
679,N[C@H](c1ccccc1)c1ccc(C(=O)Nc2nc3ccccc3s2)cc1,4.6,0
680,COc1ccc2nc(NC(=O)c3ccc(N=[N+]=[N-])cc3)sc2c1,4.5,0
681,COc1ccc(C(=O)Nc2nc3ccccc3s2)cc1,3.56,0
682,COc1cc2sc(NC(=O)c3ccc(C(=O)c4ccccc4)cc3)nc2cc1Br,5.55,0
.,,,0
684,Cc1nnc(-c2ccc(N3CCC(Oc4cc(F)ccc4Cl)CC3)nn2)o1,3.68,0
685,COc1ccc2nc(NC(=O)c3ccc(N)cc3)sc2c1,3.14,0
686,O=C(Nc1nc2ccccc2[nH]1)c1ccc(C(=O)c2ccccc2)cc1,4.05,0
687,O=C(Nc1nccs1)c1ccc(C(=O)c2ccccc2)cc1,3.63,0
688,CCCn1cc(-c2ccc(N3CCC(n4ccc5ccc(F)cc54)CC3)nn2)cn1,4.69,0
689,OCCn1cc(-c2ccc(N3CCC(n4ccc5ccc(F)cc54)CC3)nn2)cn1,3.27,0
690,Cc1ccc2c(c1)N(C1CCN(c3ccc(-c4cnn(C)c4)nn3)CC1)CC2,3.22,0
691,Cc1ccc(-c2ccc(N3CCC(c4noc5ccc(F)cc45)CC3)nn2)cn1,4.51,0
692,NC(=O)c1ccc(-c2ccc(N3CCC(N4CCc5ccc(F)cc54)CC3)nn2)cc1,3.41,0
693,Cn1cc(Cl)nc(N2CCC(Oc3ccccc3C(F)(F)F)CC2)c1=O,3.5,0
694,Clc1ccccc1OC1CCN(c2nccnn2)CC1,2.57,1
695,Cc1nc(N2CCN(Cc3ccccc3)C2=O)sc1C(=O)NCc1ccccc1,3.82,0
696,COc1ccc2nc(NC(=O)c3ccc([C@H](N)c4ccccc4)cc3)sc2c1,4.61,0
697,O=C(Nc1nc2ccccc2o1)c1ccc(C(=O)c2ccccc2)cc1,4.31,0
698,O=C(Nc1ncc(-c2ccccc2)s1)c1ccc(C(=O)c2ccccc2)cc1,5.29,0
699,Cc1nc(-n2cnn(Cc3ccc(C(F)(F)F)o3)c2=O)sc1C(=O)NCc1cccnc1,2.78,1
700,Cc1nc(-n2cnn(Cc3ccc(F)cc3)c2=O)sc1C(=O)NCc1cnn(C)c1,1.65,1
701,CNC(=O)c1nccnc1NCC(=O)N1CCC(Oc2ccccc2)CC1,1.32,1
702,O=C(Nc1ccccc1)c1nccnc1NCC(=O)N1CCC(Oc2ccccc2Cl)CC1,3.86,0
703,COc1ccc(-c2nc3cnc(NCc4ccc(Cl)c(Cl)c4)nc3n(CCNS(C)(=O)=O)c2=O)cc1,3.33,0
704,COc1ccc(-c2nc3cnc(NCc4ccc(Cl)c(Cl)c4)nc3n(CCC(N)=O)c2=O)cc1,3.66,0
705,COc1ccc(-c2nc3ccc(NCc4ccc(Cl)cc4)nc3n(CCNC(C)=O)c2=O)cc1,3.87,0
706,COc1ccc(-c2nc3ccc(NCc4cccc(OC(F)(F)F)c4)nc3n(CCNC(C)=O)c2=O)cc1,4.11,0
707,COc1ccc(-c2nc3ccc(NCc4cccc(C(=O)O)c4)nc3n(CCNC(C)=O)c2=O)cc1,2.91,1
708,CC(=O)NCCn1c(=O)c(-c2cccnc2)nc2ccc(NCc3ccc(Cl)c(Cl)c3)nc21,3.91,0
709,CC(=O)NCCn1c(=O)c(-c2cccnc2)nc2ccc(NCc3ccc(F)c(Cl)c3)nc21,3.39,0
710,COc1ccc(-c2nc3ccc(NCc4ccc(F)c(C)c4)cc3n(CCNC(C)=O)c2=O)cc1,4.27,0
711,Cc1nc(-n2cnn(Cc3ccc(C(F)(F)F)cc3)c2=O)sc1C(=O)NCc1cccnc1,3.19,0
712,Cc1nc(-n2cnn(Cc3ccc(F)cc3)c2=O)sc1C(=O)NCC1CCCNC1,1.72,1
713,O=C(NCc1ccccn1)c1cc(-n2cnn(Cc3ccc(F)cc3)c2=O)n[nH]1,1.27,1
714,O=C(NCc1cocn1)c1cc(-n2cnn(Cc3ccc(F)cc3)c2=O)n[nH]1,0.86,1
715,Cc1nnc(-c2ccc(N3CCC(Oc4cc(F)ccc4Cl)CC3)nn2)o1,3.68,0
716,O=C(O)CNc1nc2cnc(N3CCC(Oc4cc(F)ccc4Br)CC3)nc2s1,3.53,0
717,Cn1cc(-c2ccc(N3CCC(n4ncc5ccc(C(F)(F)F)cc54)CC3)nn2)cn1,4.09,0
718,O=c1[nH]cnc2nc(N3CCC(Oc4ccccc4C(F)(F)F)CC3)sc12,3.45,0
719,FC(F)(F)c1ccccc1OC1CCN(c2ncc3nc[nH]c3n2)CC1,3.42,0
720,Nc1nc2cnc(N3CCC(Oc4cc(F)ccc4Br)CC3)nc2s1,3.62,0
721,N[C@H](c1ccccc1)c1ccc(C(=O)Nc2nc3ccccc3s2)cc1,4.6,0
722,N[C@H](c1ccccc1)c1ccc(C(=O)Nc2nc3ccccc3s2)cc1,4.6,0
723,N[C@H](c1ccccc1)c1ccc(C(=O)Nc2nc3ccccc3s2)cc1,4.6,0
724,OCc1cnn(-c2ccc(N3CCC(N4CCc5ccc(F)cc54)CC3)nn2)c1,2.33,1
725,Fc1ccc2c(c1)N(C1CCN(c3ccc(-c4cnn(CCN5CCOCC5)c4)nn3)CC1)CC2,2.84,1
726,N#CC1(c2ccccc2)CCN(c2ccc(-c3nc(CO)no3)nn2)CC1,2.08,1
727,N#CC1(c2ccccc2Cl)CCN(c2ccc(-c3nc(CO)no3)nn2)CC1,2.73,1
728,O=C(NCC(O)c1cccnc1)c1ccc(N2CCC3(CC2)CCN(C2CC2)c2ccccc2O3)nn1,3.13,0
729,O=C(NCC(O)c1cccnc1)c1ccc(N2CCC3(CC2)CCN(CC2CC2)c2ccccc2O3)nn1,3.37,0
730,Fc1ccc(Br)c(OC2CCN(c3nnc(-c4nn[nH]n4)s3)CC2)c1,2.67,1
731,O=C(NCCC1CC1)c1ccc2[nH]c(-c3ccc(Oc4ccccc4Cl)cc3)nc2c1,6.21,0
732,Cc1ccccc1S(=O)(=O)N1CCN(c2ccc(C(=O)NCc3ccccc3)nn2)CC1,2.23,1
733,Cc1nc(-n2ccc(O)cc2=O)sc1C(=O)NCc1ncco1,1.23,1
734,Cc1nc(-n2ccc(O)cc2=O)sc1C(=O)NCc1ccncc1,1.63,1
735,Cc1nc(-n2ccc(-c3ccccc3)cc2=O)sc1C(=O)NCc1ccccc1,4.2,0
736,OCc1noc(-c2ccc(N3CCC(c4ccccc4)(C(F)(F)F)CC3)nn2)n1,3.12,0
737,COC1(c2ccccc2)CCN(c2ccc(-c3nc(CO)no3)nn2)CC1,2.16,1
738,O=[N+]([O-])c1ccc(Cl)c(OC2CCN(c3nccnn3)CC2)c1,2.48,1
739,Cc1nc(-c2n[nH]c(Cc3ccccc3)n2)sc1C(=O)NCc1ccccc1,3.76,0
740,CNC(=O)c1ccc(-c2ccc(N3CCC(N4CCc5ccc(F)cc54)CC3)nn2)cn1,3.07,0
741,CNC(=O)Cn1cc(-c2ccc(N3CCC(N4CCc5ccc(F)cc54)CC3)nn2)cn1,2.26,1
742,OCc1cnn(-c2ccc(N3CCC(N4CCc5ccc(F)cc54)CC3)nn2)c1,2.33,1
743,Cn1cc(-c2ccc(N3CCC(n4ncc5ccc(F)cc54)CC3)nn2)cn1,3.21,0
744,Cn1cc(Cl)nc(N2CCC(Oc3cc(C(F)(F)F)ccc3Cl)CC2)c1=O,4.15,0
745,Fc1ccc(Cl)c(OC2CCN(c3nccnn3)CC2)c1,2.71,1
746,O=[N+]([O-])c1ccccc1OC1CCN(c2nccnn2)CC1,1.83,1
747,Cn1nccc(N2CCC(Oc3cc(C(F)(F)F)ccc3Cl)CC2)c1=O,3.5,0
748,Cc1ccc(-c2ccc(N3CCC(N4CCc5ccc(F)cc54)CC3)nn2)cc1,4.62,0
749,Cc1ccc(-c2ccc(N3CCC(N4CCc5ccc(F)cc54)CC3)nn2)s1,4.68,0
750,OCc1cn(-c2ccc(N3CCC(N4CCc5ccc(F)cc54)CC3)nn2)cn1,2.33,1
751,Cn1cc(-c2ccc(N3CCC(N4CCc5ccc(F)cc54)CC3)nn2)cn1,3.05,0
752,Cc1ccc2ccn(C3CCN(c4ccc(-c5cnn(C)c5)nn4)CC3)c2c1,3.98,0
753,COc1ccc2nc(NC(=O)c3ccccc3)sc2c1,3.56,0
754,COc1ccc2nc(NC(=O)c3ccc([N+](=O)[O-])cc3)sc2c1,3.47,0
755,COc1ccc2nc(NC(=O)c3ccc(C(=O)N4CCN(C)CC4)cc3)sc2c1,2.94,1
756,COc1ccc2nc(NC(=O)c3ccc([C@H](N)c4ccccc4)cc3)sc2c1,4.61,0
757,N[C@H](c1ccccc1)c1ccc(C(=O)Nc2nc3ccc(O)cc3s2)cc1,4.3,0
758,COc1ccc2nc(NC(=O)c3ccc([C@H](N)c4ccccc4)cc3)sc2c1,4.61,0
759,COc1ccc2nc(NC(=O)c3ccc([C@H](N)c4ccccc4)cc3)sc2c1,4.61,0
760,COc1ccc2nc(NC(=O)c3ccc([C@H](N)c4ccccc4)cc3)sc2c1,4.61,0
761,COc1ccc2nc(NC(=O)c3ccc([C@H](N)c4ccccc4)cc3)sc2c1,4.61,0
762,COc1ccc2nc(NC(=O)c3ccc([C@H](N)c4ccccc4)cc3)sc2c1,4.61,0
763,COc1ccc2nc(NC(=O)c3cccc(C)c3)sc2c1,3.87,0
764,COc1ccc2nc(NC(=O)c3ccc(C(=O)c4cccnc4)cc3)sc2c1,4.18,0
765,O=C(Nc1nc(-c2ccccc2)cs1)c1ccc(C(=O)c2ccccc2)cc1,5.29,0
766,N[C@H](c1ccccc1)c1ccc(C(=O)Nc2nc3ccccc3s2)cc1,4.6,0
767,COc1ccc2nc(NC(=O)c3ccc(C(=O)N4CCCCC4)cc3)sc2c1,4.18,0
768,COc1ccc2nc(NC(=O)c3ccc(C(=O)c4ccccn4)cc3)sc2c1,4.18,0
769,COc1ccc2nc(NC(=O)c3ccc([C@H](N)c4ccccc4)cc3)sc2c1,4.61,0
770,O=C(NCc1nccs1)c1ccc2[nH]c(-c3ccc(Oc4ccccc4Cl)cc3)nc2c1,6.06,0
771,Cc1nc(N2CCN(Cc3ccc(F)cc3)C2=O)sc1C(=O)NCc1ccccn1,3.36,0
772,Cc1nc(N2CCN(Cc3ccc(F)cc3)C2=O)sc1C(=O)NCc1cccnc1,3.36,0
773,Cc1nc(-c2cnc(Cc3ccccc3)o2)sc1C(=O)NCc1ccccc1,4.63,0
774,O=C(O)Cn1nnc(-c2nnc(N3CCC4(CC3)CC(=O)c3ccccc3O4)s2)n1,1.28,1
775,O=C(O)Cn1nnc(-c2nnc(N3CCC4(CCc5c(OC(F)(F)F)cccc5O4)CC3)s2)n1,2.54,1
776,O=C(O)Cn1nnc(-c2cnc(N3CCC4(CCc5c(OC(F)(F)F)cccc5O4)CC3)s2)n1,3.14,0
777,O=C(O)Cn1nnc(-c2cnc(N3CCC4(CC3)NC(=O)c3c(Cl)cccc3O4)s2)n1,1.65,1
778,O=C(O)Cn1nnc(-c2cc(OCCCOc3cc(F)ccc3Br)no2)n1,2.16,1
779,CNC(=O)Cn1cc(-c2ccc(N3CCC(n4ccc5ccc(F)cc54)CC3)nn2)cn1,3.02,0
780,Cn1cc(-c2ccc(N3CCC(n4ccc5c(F)cccc54)CC3)nn2)cn1,3.81,0
781,Fc1ccc2ccn(C3CCN(c4ccc(-c5ccc(C(F)(F)F)nc5)nn4)CC3)c2c1,5.49,0
782,O=C(O)c1ccc(-c2ccc(N3CCC(n4ccc5ccc(F)cc54)CC3)nn2)cc1,4.78,0
783,CN(C)c1ccc(-c2ccc(N3CCC(N4CCc5ccc(F)cc54)CC3)nn2)cn1,3.78,0
784,Fc1ccc2c(c1)N(C1CCN(c3ccc(-c4ccc(C(F)(F)F)nc4)nn3)CC1)CC2,4.73,0
785,Cc1cnc(-c2ccc(N3CCC(N4CCc5ccc(F)cc54)CC3)nn2)s1,4.08,0
786,Cc1ccc2c(c1)N(C1CCN(c3ccc(-c4cnn(C)c4)nn3)CC1)CC2,3.22,0
787,O=C(O)Cn1nnc(-c2cc(N3CCC(Oc4cc(F)ccc4Br)CC3)no2)n1,2.36,1
788,COc1ccc(-c2ccc(N3CCC(N4CCc5ccc(F)cc54)CC3)nn2)cn1,3.72,0
789,OCc1ccc(-c2ccc(N3CCC(N4CCc5ccc(F)cc54)CC3)nn2)cn1,3.2,0
790,Cc1cnn(-c2ccc(N3CCC(N4CCc5ccc(F)cc54)CC3)nn2)c1,3.14,0
791,Cc1cn(-c2ccc(N3CCC(N4CCc5ccc(F)cc54)CC3)nn2)cn1,3.14,0
792,Cn1cc(-c2ccc(N3CCC(N4CCc5cc(F)ccc54)CC3)nn2)cn1,3.05,0
793,Cc1ccc(-c2ccc(N3CCC(N4CCc5ccc(F)cc54)CC3)nn2)cn1,4.02,0
794,Fc1ccc2c(c1)N(C1CCN(c3ccc(-c4ccc(C(F)(F)F)cc4)nn3)CC1)CC2,5.33,0
795,OCc1ccc(-c2ccc(N3CCC(N4CCc5ccc(F)cc54)CC3)nn2)cc1,3.81,0
796,CCCn1cc(-c2ccc(N3CCC(N4CCc5ccc(F)cc54)CC3)nn2)cn1,3.92,0
797,Cn1cc(-c2ccc(N3CCC(N4CCc5ccc(Cl)cc54)CC3)nn2)cn1,3.56,0
798,O=C(NCCC1CC1)c1ccc(N2CCN(C(=O)c3ccccc3C(=O)O)CC2)nn1,1.67,1
799,CCCCCCCNC(=O)c1ccc(N2CCN(C(=O)c3ccccc3C(F)(F)F)CC2)nn1,4.16,0
800,O=C(NCCCCC1CC1)c1ccc(N2CCN(C(=O)c3ccccc3C(F)(F)F)CC2)nn1,3.77,0
801,O=C(Nc1ccccn1)c1ccc(N2CCN(C(=O)c3ccccc3C(F)(F)F)CC2)nn1,3.11,0
802,O=C(NC[C@@H](O)c1ccccc1)c1ccc(N2CCN(C(=O)c3ccccc3C(F)(F)F)CC2)nn1,2.92,1
803,CC(C)CCNC(=O)c1cnc(N2CCN(C(=O)c3ccccc3C(F)(F)F)CC2)nc1,3.23,0
804,CC(C)CCNC(=O)c1ccc(N2CCN(C(=O)c3ccccc3C(F)(F)F)CC2)nc1,3.84,0
805,O=C(NCc1cc[nH]n1)c1ccc(N2CCN(C(=O)c3ccccc3C(F)(F)F)CC2)nn1,2.11,1
806,O=C(NCc1ccc(Cl)s1)c1ccc2[nH]c(-c3ccc(C(=O)c4ccccc4C(F)(F)F)cc3)nc2c1,7.12,0
807,Cc1nc(N2CCN(CC3CCCCC3)C2=O)sc1C(=O)NCc1cccnc1,3.6,0
808,Cc1nc(N2CCN(CCCc3ccccc3)C2=O)sc1C(=O)NCc1cccnc1,3.65,0
809,Cc1nc(-n2cc(Cc3ccccc3)nn2)sc1C(=O)NCc1ccccc1,3.55,0
810,Cc1nc(-c2cn(Cc3ccccc3)nn2)sc1C(=O)NCc1ccccc1,3.69,0
811,Cc1nc(-n2ccc(N)cc2=O)sc1C(=O)NCc1ccccc1,2.11,1
812,Cc1nc(-n2ccc(O)cc2=O)sc1C(=O)NCCC1CC1,1.84,1
813,Cc1nc(-n2ccc(O)cc2=O)sc1C(=O)NCc1cccc(F)c1,2.38,1
814,CCCCCCCCc1ccccc1NCc1ccc(C(=O)Nc2nc(CC(=O)O)cs2)cc1,6.54,0
815,CCCCCCc1ccccc1NCc1ccc(C(=O)Nc2nc(CC(=O)O)cs2)cc1,5.76,0
816,CCCCc1ccccc1NCc1ccc(C(=O)Nc2nc(CC(=O)O)cs2)cc1,4.98,0
817,O=C(Nc1nc(CO)cs1)c1ccc(CNc2ccccc2Cl)cc1,4.15,0
818,O=C(Nc1nc(CCCO)cs1)c1ccc(CNc2ccccc2C(F)(F)F)cc1,4.95,0
819,Cc1csc(NC(=O)N2CCC(CNc3ccccc3C(F)(F)F)CC2)n1,4.83,0
820,Cc1csc(NC(=O)c2ccc(CNc3ccccc3C(F)(F)F)cc2)n1,5.33,0
821,O=C(Nc1nc(CCO)cs1)c1ccc(CNc2ccccc2C(F)(F)F)s1,4.62,0
822,O=C(O)Cc1csc(NC(=O)c2ccc(CNc3ccccc3C(F)(F)F)s2)n1,4.71,0
823,Cc1nc(-n2ccc(OCc3ccccn3)cc2=O)sc1C(=O)NCc1ccccc1,3.51,0
824,Cc1nc(-n2ccccc2=O)sc1C(=O)NCc1ccccc1,2.53,1
825,Cc1ccn(-c2nc(C)c(C(=O)NCc3ccccc3)s2)c(=O)c1,2.84,1
826,Cc1nc(N2CCN(Cc3ccccc3)C2=O)sc1C(=O)NCc1cccnc1,3.22,0
827,N#CC1(c2ccc([N+](=O)[O-])cc2)CCN(c2ccc(-c3nc(CO)no3)nn2)CC1,1.99,1
828,Cc1nc(N2CCN(Cc3ccccc3)C2=O)sc1C(=O)NCc1ccncc1,3.22,0
829,N[C@H](c1ccccc1)c1ccc(C(=O)Nc2nc3ccc(O)cc3s2)cc1,4.3,0
830,COc1ccc2nc(NC(=O)c3ccc([C@H](N)c4ccccc4)cc3)sc2c1,4.61,0
831,COc1ccc2nc(NC(=O)c3ccc(OCc4ccccc4)cc3)sc2c1,5.14,0
832,COc1ccc2nc(NC(=O)c3ccc(C(=O)N4CCOCC4)cc3)sc2c1,3.03,0
833,COc1ccc2nc(NS(=O)(=O)c3ccccc3)sc2c1,3.11,0
834,C#CCOc1ccc(C(=O)c2ccc(C(=O)Nc3nc4ccc(OC)cc4s3)cc2)cc1,4.8,0
835,COc1ccc2nc(NC(=O)c3ccccc3)sc2c1,3.56,0
836,COc1ccc2nc(NC(=O)c3ccc(F)cc3)sc2c1,3.7,0
837,COc1ccc2nc(NC(=O)c3ccc(C(=O)N4CCOCC4)cc3)sc2c1,3.03,0
838,O=C(Nc1ncc(-c2ccccc2)s1)c1ccc(C(=O)c2ccccc2)cc1,5.29,0
839,O=C(Nc1nc2ccc(OCCBr)cc2s1)c1ccc(C(=O)c2ccccc2)cc1,5.55,0
840,O=C(Nc1ncc(CO)s1)c1ccc(CNc2ccccc2C(F)(F)F)cc1,4.52,0
841,O=C(O)CCc1csc(NC(=O)c2ccc(CNc3ccccc3C(F)(F)F)cc2)n1,5.04,0
842,Cc1ccccc1NCc1ccc(C(=O)Nc2nc(C(=O)O)cs2)cc1,4.01,0
843,Cc1csc(NC(=O)c2ccc(COc3ccccc3Cl)cc2)n1,4.94,0
844,CC(C)CCc1ccccc1NCc1ccc(C(=O)Nc2nc(CC(=O)O)cs2)cc1,5.22,0
845,CC(C)CCc1ccccc1NCc1ccc(C(=O)Nc2nc(CC(=O)O)cs2)s1,5.28,0
846,Cc1nc(N2CCN(Cc3ccccc3)C2=O)sc1C(=O)NCc1ccccn1,3.22,0
847,Cc1nc(-n2cnn(CC3CC3)c2=O)sc1C(=O)NCc1cccnc1,1.53,1
848,O=C(NCCC1CC1)c1ccc(N2CCN(C(=O)c3cccc(F)c3C(F)(F)F)CC2)nn1,3.13,0
849,CN(C)c1ccc(Cl)c(C(=O)N2CCN(c3ccc(C(=O)NCCC4CC4)nn3)CC2)c1,2.69,1
850,O=C(NCCC1CC1)c1ccc(N2CCN(C(=O)/C=C\C(F)(F)F)CC2)nn1,1.77,1
851,CC(C(=O)N1CCN(c2ccc(C(=O)NCCC3CC3)nn2)CC1)(C(F)(F)F)C(F)(F)F,2.79,1
852,O=C(Nc1nc2ccccc2[nH]1)c1ccc(N2CCN(C(=O)c3ccccc3C(F)(F)F)CC2)nn1,3.59,0
853,O=C(NC[C@H](O)c1ccccc1)c1ccc(N2CCN(C(=O)c3ccccc3C(F)(F)F)CC2)nn1,2.92,1
854,O=C(Nc1ccccc1)c1ccc(N2CCN(C(=O)c3ccccc3C(F)(F)F)CC2)nn1,3.71,0
855,Cc1cnc(CNC(=O)c2ccc(N3CCN(C(=O)c4ccccc4C(F)(F)F)CC3)nn2)cn1,2.49,1
856,CC(C)CCNC(=O)c1ccc(N2CCN(C(=O)c3ccccc3C(F)(F)F)CC2)nn1,3.23,0
857,CC(C)CCNC(=O)c1cnc(N2CCN(C(=O)c3ccccc3C(F)(F)F)CC2)cn1,3.23,0
858,Cc1ccc(C)c(C(=O)N2CCN(c3ccc(C(=O)NCCC4CC4)nn3)CC2)c1,2.59,1
859,O=C(O)Cn1nnc(-c2nnc(N3CCC4(CCc5c(O)cccc5O4)CC3)s2)n1,1.35,1
860,O=C(O)Cn1nnc(-c2cc(N3CCC4(CCc5c(OC(F)(F)F)cccc5O4)CC3)no2)n1,2.68,1
861,O=C(O)Cn1nnc(-c2nnc(N3CCC4(CCc5c(cccc5C(F)(F)F)O4)CC3)s2)n1,2.66,1
862,O=C(O)Cn1nnc(-c2cnc(N3CC4CN(c5cc(F)ccc5Cl)CC4C3)s2)n1,2.25,1
863,O=C(NCc1nccs1)c1ccc2[nH]c(-c3ccc(Oc4ccccc4C(F)(F)F)cc3)nc2c1,6.43,0
864,O=C(NCc1ccc(Cl)s1)c1ccc2[nH]c(-c3ccc(Oc4ccccc4Cl)cc3)nc2c1,7.32,0
865,Cc1nc(-n2ccc(O)cc2=O)sc1C(=O)NCC1CC1,1.45,1
866,Cc1nc(-n2ccc(C3CC3)cc2=O)sc1C(=O)NCc1ccccc1,3.41,0
867,Cc1nnc(-c2ccc(N3CCC(c4noc5ccc(F)cc45)CC3)nn2)o1,3.5,0
868,CNC(=O)Cn1cc(-c2ccc(N3CCC(N4CCc5ccc(F)cc54)CC3)nn2)cn1,2.26,1
869,Cn1cc(-c2ccc(N3CCC(n4ncc5c(Cl)cccc54)CC3)nn2)cn1,3.72,0
870,Cc1nsc(-c2ccc(N3CCC(n4ccc5ccccc54)CC3)nn2)n1,4.1,0
871,Cn1cc(-c2ccc(N3CCC(N4CCc5ccc(C(F)(F)F)cc54)CC3)nn2)cn1,3.93,0
872,CC1CN(c2nccnn2)CCC1Oc1cc(Cl)ccc1Cl,3.47,0
873,OCc1noc(-c2ccc(N3CCC(O)(c4ccccc4)CC3)nn2)n1,1.51,1
874,OCc1noc(-c2ccc(N3CCC4(COc5ccccc54)C3)nn2)n1,1.56,1
875,O=C(O)Cn1nnc(-c2cnc(N3CCC4(CCc5c(Cl)cccc5O4)CC3)s2)n1,2.9,1
876,O=C(O)Cn1nnc(-c2nnc(N3CCC4(CC3)CC(=O)c3c(Cl)cccc3O4)s2)n1,1.93,1
877,O=C(O)Cn1nnc(-c2cnc(N3CCC4(CC3)CC(=O)c3c(Cl)cccc3O4)s2)n1,2.54,1
878,O=C(O)Cn1nnc(-c2cc(N3CCC4(CC3)CC(=O)c3c(Cl)cccc3O4)no2)n1,2.07,1
879,O=C(O)Cn1nnc(-c2cnc(N3CCC4(CC3)Cc3cccc(Cl)c3C(=O)O4)s2)n1,2.29,1
880,Cc1ccccc1OC1CCN(c2nc(Cl)cn(C)c2=O)CC1,2.79,1
881,CN(C)c1ccc(-c2ccc(N3CCC(n4ccc5ccc(F)cc54)CC3)nn2)cn1,4.54,0
882,Cn1cc(-c2ccc(N3CCC(n4ccc5ccccc54)CC3)nn2)cn1,3.67,0
883,CN(C)c1ccc(-c2ccc(N3CCC(N4CCc5ccc(F)cc54)CC3)nn2)cn1,3.78,0
884,CC(=O)Nc1ccc(-c2ccc(N3CCC(N4CCc5ccc(F)cc54)CC3)nn2)cn1,3.67,0
885,NNC(=O)c1ccc(N2CCC(c3noc4ccc(F)cc34)CC2)nn1,1.74,1
886,O=C(NCC1CC1)c1ccc(N2CCN(C(=O)c3ccccc3C(F)(F)F)CC2)nn1,2.6,1
887,N[C@H](c1ccccc1)c1ccc(C(=O)Nc2nc3ccc(O)cc3s2)cc1,4.3,0
888,COc1cccc(C(=O)Nc2nc3ccc(OC)cc3s2)c1,3.57,0
889,COc1ccc2nc(NC(=O)c3ccc(C(=O)c4ccccc4)cc3)sc2c1,4.79,0
890,COc1ccc2nc(NC(=O)c3ccc(C(=O)N4CCCCC4)cc3)sc2c1,4.18,0
891,O=C(Nc1nc2ccccc2s1)c1ccc([N+](=O)[O-])cc1,3.46,0
892,COC(=O)c1ccc2nc(NC(=O)c3ccc(C(=O)c4ccccc4)cc3)sc2c1,4.57,0
893,COc1ccc2nc(NC(=O)c3ccc([N+](=O)[O-])cc3)sc2c1,3.47,0
894,COc1ccc2nc(NC(=O)c3ccc([C@@H](N)c4ccccc4)cc3)sc2c1,4.61,0
895,COc1ccc(C(=O)Nc2nc3ccccc3s2)cc1,3.56,0
896,COc1ccc2sc(NC(=O)c3ccc([N+](=O)[O-])cc3)nc2c1,3.47,0
897,CCCOc1ccc2nc(NC(=O)c3ccc(C(=O)c4ccccc4)cc3)sc2c1,5.57,0
898,COC(=O)c1ccc2nc(NC(=O)c3ccc(C(=O)c4ccccc4)cc3)sc2c1,4.57,0
899,COc1ccc2nc(NC(=O)c3ccc([C@H](N)c4ccccc4)cc3)sc2c1,4.61,0
900,COc1ccc2nc(NC(=O)c3ccc(F)cc3)sc2c1,3.7,0
901,CCCCCCNC(=O)c1ccc(N2CCN(C(=O)c3ccccc3C(F)(F)F)CC2)nn1,3.77,0
902,CC(C)(O)CCNC(=O)c1ccc(N2CCN(C(=O)c3ccccc3C(F)(F)F)CC2)nn1,2.35,1
903,CCCCCCNC(=O)c1ncc(N2CCN(C(=O)c3ccccc3C(F)(F)F)CC2)cn1,3.77,0
904,O=C(Nc1nc(CCO)cs1)c1ccc(CNc2ccccc2Cl)cc1,4.2,0
905,O=C(O)CCCc1csc(NC(=O)c2ccc(CNc3ccccc3C(F)(F)F)cc2)n1,5.43,0
906,Cc1csc(NC(=O)c2ccc(CNc3ccccc3C(=O)O)cc2)n1,4.01,0
907,CCCCCCc1ccccc1NCc1ccc(C(=O)Nc2nc(CC(=O)O)cs2)s1,5.82,0
908,CCCc1ccccc1NCc1ccc(C(=O)Nc2nc(C)cs2)cc1,5.27,0
909,O=C(Nc1nc2ccccc2s1)c1ccc([N+](=O)[O-])cc1,3.46,0
910,O=C(Nc1nc2ccccc2s1)c1ccc(-c2ccccc2)cc1,5.22,0
911,C#CCNC(=O)c1ccc(C(=O)Nc2nc3ccc(OC)cc3s2)cc1,2.92,1
912,COc1ccc2nc(NC(=O)c3ccc(C(N)c4ccccc4)cc3)sc2c1,4.61,0
913,COc1ccc2nc(NC(=O)c3ccc(C(=O)c4cccnc4)cc3)sc2c1,4.18,0
914,O=C(Nc1nc2ccccc2s1)c1ccc(C(=O)c2ccccc2)cc1,4.78,0
915,O=C(Nc1nc2ccccc2s1)c1ccc(C(=O)c2ccccc2)cc1,4.78,0
916,O=C(Nc1nc2ccccc2[nH]1)c1ccc(C(=O)c2ccccc2)cc1,4.05,0
917,COc1ccc2nc(NC(=O)CCc3ccccc3)sc2c1,3.88,0
918,COc1ccc2nc(NC(=O)c3ccc(Nc4ccccc4)cc3)sc2c1,5.3,0
919,Cc1csc(NC(=O)c2ccc(CNc3ccc(Cl)cc3)cc2)n1,4.97,0
920,O=C(Nc1ncc(CCO)s1)c1ccc(CNc2ccccc2C(F)(F)F)cc1,4.56,0
