index,smiles,pChEMBL Value,Effective
0,FC(F)(F)c1cccc2c1CCC1(CCN(c3ccc(-c4nnc(Cc5cccnc5)o4)nn3)CC1)O2,10.52,1
1,FC(F)(F)c1cccc2c1CCC1(CCN(c3ccc(-c4nnc(Cc5cccnc5)o4)nn3)CC1)O2,10.52,1
2,CCNc1ccc(C(=O)Nc2ncc(Cc3cccc(C(F)(F)F)c3)s2)cc1OCCO,10.4,1
3,COc1ccc(-c2nc3ccc(NCc4ccc(Cl)c(C(F)(F)F)c4)cc3n(CCNC(C)=O)c2=O)cc1,10.3,1
4,COc1ccc(-c2nc3ccc(NCc4ccc(Cl)c(C(F)(F)F)c4)cc3n(CCNC(C)=O)c2=O)cc1,10.3,1
5,FC(F)(F)c1cccc2c1CCC1(CCN(c3ccc(-c4nnc(Cc5cccnc5)o4)nn3)CC1)O2,10.22,1
6,Clc1cccc2c1CCC1(CCN(c3ccc(-c4nnc(Cc5cccnc5)o4)nn3)CC1)O2,10.22,1
7,O=C(NCC(O)c1ccccc1)c1ccc(N2CCC3(CCc4ccccc4O3)CC2)nn1,10.17,1
8,Fc1ccc(F)c2c1CCC1(CCN(c3ccc(-c4nnc(Cc5cccnc5)o4)nn3)CC1)O2,10,1
9,COc1ccc(C(=O)Nc2ncc(Cc3cc(C(F)(F)F)cc(C(F)(F)F)c3)s2)cc1OCCO,9.7,1
10,Cc1cccc2c1CCC1(CCN(c3ccc(-c4nnc(Cc5cccnc5)o4)nn3)CC1)O2,9.7,1
11,Fc1cccc2c1CCC1(CCN(c3ccc(-c4nnc(Cc5cccnc5)o4)nn3)CC1)O2,9.52,1
12,COc1ccc(C(=O)Nc2ncc(Cc3cc(C(F)(F)F)cc(C(F)(F)F)c3)s2)cc1OCCO,9.52,1
13,O=C(NCC(O)c1cccnc1)c1ccc(N2CCC3(CCc4c(cccc4C(F)(F)F)O3)CC2)nn1,9.35,1
14,O=C(NCC(O)c1ccccc1)c1ccc(N2CCC3(CC2)CC(O)c2ccccc2O3)nn1,9.32,1
15,OCc1ccc(-c2ccc(N3CCC(N4CCc5ccc(F)cc54)CC3)nn2)cn1,9.3,1
16,O=C(CO)NCCN1C(=O)COc2ccc(NCc3ccc(Cl)c(Cl)c3)cc21,9.3,1
17,O=C(NCC(O)c1ccccc1)c1ccc(N2CCC3(CC2)Oc2ccccc2CC3O)nn1,9.25,1
18,COCCOc1ccc(C(=O)Nc2ncc(Cc3cccc(C(F)(F)F)c3)s2)cc1OCCO,9.22,1
19,COc1ccc(C(=O)Nc2ncc(Cc3ccc(F)c(C(F)(F)F)c3)s2)cc1OCCO,9.22,1
20,O=C(NCC(O)c1ccccc1)c1ccc(N2CCC3(CC2)CC(=O)c2ccccc2O3)nn1,9.16,1
21,Fc1cccc2c1CCC1(CCN(c3ccc(-c4nnc(Cc5cccnc5)o4)nn3)CC1)O2,9.15,1
22,Cc1cccc2c1CCC1(CCN(c3ccc(-c4nnc(Cc5cccnc5)o4)nn3)CC1)O2,9.15,1
23,FC(F)(F)c1cccc2c1CCC1(CCN(c3ccc(-c4nnc(Cc5cccnc5)o4)nn3)CC1)O2,9.1,1
24,FC(F)(F)c1cccc2c1CCC1(CCN(c3ccc(-c4nnc(Cc5cccnc5)o4)nn3)CC1)O2,9.1,1
25,O=C(NCC(O)c1cccnc1)c1ccc(N2CCC3(CCc4c(Cl)cccc4O3)CC2)nn1,9,1
26,FC(F)(F)c1cccc2c1CCC1(CCN(c3ccc(-c4nc(Cc5cccnc5)n[nH]4)nn3)CC1)O2,9,1
27,O=C(O)Cn1nnc(-c2cc(N3CCC(Oc4cc(F)ccc4Br)CC3)no2)n1,9,1
28,OCc1nc(-c2cnc(N3CCC(Oc4ccccc4C(F)(F)F)CC3)s2)no1,9,1
29,c1cncc(Cc2nnc(-c3ccc(N4CCC5(CCc6ccccc6O5)CC4)nn3)o2)c1,9,1
30,COc1ccc(C(=O)Nc2ncc(Cc3cc(Cl)cc(Cl)c3)s2)cc1OCCO,9,1
31,O=C(O)Cn1nnc(-c2cnc(N3CCC4(CCc5c(OC(F)(F)F)cccc5O4)CC3)s2)n1,9,1
32,Fc1ccc(F)c2c1CCC1(CCN(c3ccc(-c4nnc(Cc5cccnc5)o4)nn3)CC1)O2,9,1
33,O=C(O)Cn1nnc(-c2nnc(N3CCC4(CCc5c(OC(F)(F)F)cccc5O4)CC3)s2)n1,9,1
34,COc1ccc(C(=O)Nc2ncc(Cc3ccc(Cl)c(Cl)c3)s2)cc1OCCO,9,1
35,O=C(O)Cn1nnc(-c2cnc(N3CCC4(CCc5c(Br)cccc5O4)CC3)s2)n1,9,1
36,O=C(O)Cn1nnc(-c2cc(N3CCC4(CCc5c(OC(F)(F)F)cccc5O4)CC3)no2)n1,9,1
37,Clc1cccc2c1CCC1(CCN(c3ccc(-c4nnc(Cc5cccnc5)o4)nn3)CC1)O2,9,1
38,O=C(O)Cn1nnc(-c2nnc(N3CCC4(CCc5c(cccc5C(F)(F)F)O4)CC3)s2)n1,9,1
39,O=C(O)Cn1nnc(-c2cc(N3CCC4(CCc5c(Br)cccc5O4)CC3)no2)n1,9,1
40,Cc1cccc2c1CCC1(CCN(c3ccc(C(=O)NCC(O)c4cccnc4)nn3)CC1)O2,9,1
41,O=C(O)Cn1nnc(-c2cnc(N3CCC4(CCc5c(cccc5C(F)(F)F)O4)CC3)s2)n1,9,1
42,Cc1cccc2c1CCC1(CCN(c3ncc(-c4nnn(CC(=O)O)n4)s3)CC1)O2,9,1
43,OCc1nsc(-c2ccc(N3CCC(c4ccc(C(F)(F)F)cc4)(C(F)(F)F)CC3)nn2)n1,8.92,1
44,O=C(NCC(O)c1cccnc1)c1ccc(N2CCC3(CCc4c(F)ccc(F)c4O3)CC2)nn1,8.7,1
45,Cc1csc(-c2ccc(N3CCC(N4CCc5ccc(F)cc54)CC3)nn2)n1,8.7,1
46,Cc1ccc(-c2ccc(N3CCC(N4CCc5ccc(F)cc54)CC3)nn2)cn1,8.7,1
47,CCOc1ccc(C(=O)Nc2ncc(Cc3cccc(C(F)(F)F)c3)s2)cc1OCCO,8.7,1
48,COc1ccc(C(=O)Nc2ncc(Cc3ccc(F)c(Cl)c3)s2)cc1OCCO,8.7,1
49,O=C(NCC(O)c1cccnc1)c1ccc(N2CCC3(CCc4c(Cl)cccc4O3)CC2)nn1,8.7,1
50,OCc1noc(-c2ccc(N3CCC(c4ccc(C(F)(F)F)cc4)(C(F)(F)F)CC3)nn2)n1,8.64,1
51,OCc1nnc(-c2ccc(N3CCC(c4ccc(C(F)(F)F)cc4)(C(F)(F)F)CC3)nn2)s1,8.6,1
52,O=C(CO)NCCn1c(=O)c(C(F)(F)F)nc2ccc(NCc3cccc(C(F)(F)F)c3)cc21,8.57,1
53,O=C(NCC(O)c1ccccc1)c1ccc(N2CCC3(CCc4ccccc4O3)CC2)nn1,8.57,1
54,COc1ccc(-c2nc3ccc(NCc4cccc(C(F)(F)F)c4)nc3n(CCC(N)=O)c2=O)cc1,8.55,1
55,O=C(Nc1ncc(CO)s1)c1ccc(CNc2ccccc2C(F)(F)F)cc1,8.55,1
56,COc1ccc(C(=O)Nc2ncc(Cc3cc(F)cc(F)c3)s2)cc1OCCO,8.54,1
57,COc1ccc(C(=O)Nc2ncc(Cc3cccc(C(F)(F)F)c3)s2)cc1OCCO,8.52,1
58,O=C(NCC(O)c1cccnc1)c1ccc(N2CCC3(CCc4c(cccc4C(F)(F)F)O3)CC2)nn1,8.52,1
59,O=C(Nc1ccc(Cl)cc1)c1ccc(N2CCN(C(=O)c3ccccc3C(F)(F)F)CC2)nn1,8.52,1
60,CCCCCCc1ccccc1NCc1ccc(C(=O)Nc2nc(CC(=O)O)cs2)cc1,8.52,1
61,CCCCc1ccccc1NCc1ccc(C(=O)Nc2nc(CCO)cs2)cc1,8.52,1
62,OCc1cn(-c2ccc(N3CCC(N4CCc5ccc(F)cc54)CC3)nn2)cn1,8.52,1
63,COc1ccc(/C=C/C(=O)Nc2ncc(Cc3cccc(C(F)(F)F)c3)s2)cc1,8.52,1
64,COc1ccc(C(=O)Nc2ncc(Cc3cccc(C(F)(F)F)c3)s2)cc1OCCO,8.52,1
65,O=C(O)Cn1ccn(-c2cnc(N3CCC4(CCc5c(Cl)cccc5O4)CC3)s2)c1=O,8.52,1
66,O=C(O)Cn1nnc(-c2nnc(N3CCC4(CCc5c(Cl)cccc5O4)CC3)s2)n1,8.52,1
67,COc1ccc(-c2nc3ccc(NCc4ccc(F)c(C)c4)cc3n(CCNC(C)=O)c2=O)cc1,8.51,1
68,CCc1ccc(-c2nc3ccc(NCc4cccc(C(F)(F)F)c4)cc3n(CCNC(C)=O)c2=O)cc1,8.49,1
69,CCCCc1ccccc1NCc1ccc(C(=O)Nc2nc(CO)cs2)cc1,8.49,1
70,COc1ccc(-c2nc3ccc(NCc4cccc(C(F)(F)F)c4)cc3n(CCNC(C)=O)c2=O)cc1,8.48,1
71,O=C(Nc1nc(CO)cs1)c1ccc(CNc2ccccc2C(F)(F)F)cc1,8.42,1
72,O=C(Nc1ncc(CCO)s1)c1ccc(CNc2ccccc2C(F)(F)F)cc1,8.42,1
73,O=C(Nc1nc(CCO)cs1)c1ccc(CNc2ccccc2C(F)(F)F)s1,8.41,1
74,COc1ccc(-c2ccc(N3CCC(N4CCc5ccc(F)cc54)CC3)nn2)cn1,8.4,1
75,COc1ccc(C(=O)Nc2ncc(Cc3cccc(OC(F)(F)F)c3)s2)cc1OCCO,8.4,1
76,c1cncc(Cc2nnc(-c3ccc(N4CCC5(CCc6ccccc6O5)CC4)nn3)o2)c1,8.4,1
77,FC(F)(F)c1cccc2c1CCC1(CCN(c3ccc(-c4nc(Cc5cccnc5)n[nH]4)nn3)CC1)O2,8.4,1
78,COc1ccc(C(=O)Nc2ncc(Cc3cccc(Cl)c3)s2)cc1OCCO,8.4,1
79,c1ccc(Cc2nnc(-c3ccc(N4CCC5(CCc6ccccc6O5)CC4)nn3)o2)nc1,8.4,1
80,CCN(CC)c1ccc(C(=O)Nc2ncc(Cc3cccc(C(F)(F)F)c3)s2)cc1OCCO,8.4,1
81,Cc1ccc(-c2ccc(N3CCC(c4noc5ccc(F)cc45)CC3)nn2)cn1,8.4,1
82,Cc1csc(NC(=O)c2ccc(CNc3ccccc3C(F)(F)F)cc2)n1,8.39,1
83,O=C(Nc1nc(CCO)cs1)c1ccc(CNc2ccccc2C(F)(F)F)cc1,8.38,1
84,O=C(Nc1nc(CO)cs1)c1ccc(CNc2ccccc2Cl)cc1,8.37,1
85,CCCCCCCCc1ccccc1NCc1ccc(C(=O)Nc2nc(CC(=O)O)cs2)cc1,8.35,1
86,CCCCCCc1ccccc1NCc1ccc(C(=O)Nc2nc(CCO)cs2)s1,8.35,1
87,OCc1nnc(-c2ccc(N3CCC(c4ccc(C(F)(F)F)cc4)(C(F)(F)F)CC3)nn2)o1,8.33,1
88,CCCCCCc1ccccc1NCc1ccc(C(=O)Nc2nc(CC(=O)O)cs2)s1,8.32,1
89,CC(C)CCc1ccccc1NCc1ccc(C(=O)Nc2nc(CC(=O)O)cs2)cc1,8.32,1
90,O=C(O)Cn1nnc(-c2cc(N3CCC(Oc4cc(F)ccc4Br)CC3)no2)n1,8.3,1
91,Cc1ccccc1C(=O)C1CCN(c2ccc(C(=O)NCC(O)c3ccc(F)cc3)nn2)CC1,8.3,1
92,O=C(Nc1nc(CO)cs1)c1ccc(CNc2ccccc2C(F)(F)F)s1,8.29,1
93,O=C(O)Cc1csc(NC(=O)c2ccc(CNc3ccccc3C(F)(F)F)cc2)n1,8.29,1
94,O=C(Nc1nc(CCCO)cs1)c1ccc(CNc2ccccc2C(F)(F)F)cc1,8.28,1
95,CC(C)CCc1ccccc1NCc1ccc(C(=O)Nc2nc(CCO)cs2)cc1,8.28,1
96,CCCCc1ccccc1NCc1ccc(C(=O)Nc2nc(CC(=O)O)cs2)cc1,8.26,1
97,O=C(O)Cc1csc(NC(=O)c2ccc(CNc3ccccc3Cc3ccccc3)cc2)n1,8.26,1
98,COc1ccc(-c2nc3cnc(NCc4cccc(C(F)(F)F)c4)nc3n(CCC(N)=O)c2=O)cc1,8.25,1
99,Cc1cccc2c1CCC1(CCN(c3ccc(C(=O)NCC(O)c4cccnc4)nn3)CC1)O2,8.22,1
100,Cc1ccccc1C(=O)C1CCN(c2ccc(C(=O)NCC(O)c3cccc(F)c3)nn2)CC1,8.22,1
101,CNC(=O)c1ccc(-c2ccc(N3CCC(N4CCc5ccc(F)cc54)CC3)nn2)cn1,8.22,1
102,OCc1cnn(-c2ccc(N3CCC(N4CCc5ccc(F)cc54)CC3)nn2)c1,8.22,1
103,O=C(NCC(O)c1cccnc1)c1ccc(N2CCC3(CCc4c(F)cccc4O3)CC2)nn1,8.22,1
104,Cc1ccc(-c2ccc(N3CCC(N4CCc5ccc(F)cc54)CC3)nn2)s1,8.22,1
105,Fc1ccc(-c2ccc(N3CCC(N4CCc5ccc(F)cc54)CC3)nn2)cc1,8.22,1
106,Cn1cc(-c2ccc(N3CCC(n4nc(Cl)c5ccccc54)CC3)nn2)cn1,8.22,1
107,c1ccc2c(c1)CCC1(CCN(c3ccc(-c4nnc(Cc5ccncc5)o4)nn3)CC1)O2,8.22,1
108,Cc1nc2ccc(NCc3cccc(C(F)(F)F)c3)cc2n(CCNC(=O)CO)c1=O,8.21,1
109,O=C(O)CCc1csc(NC(=O)c2ccc(CNc3ccccc3C(F)(F)F)cc2)n1,8.2,1
110,Cc1csc(NC(=O)c2ccc(CNc3ccccc3C)cc2)n1,8.19,1
111,O=C(Nc1nc(CCO)cs1)c1ccc(CNc2ccccc2Cl)cc1,8.19,1
112,COc1ccc(-c2nc3ccc(NCc4cc(C(F)(F)F)ccn4)cc3n(CCNC(C)=O)c2=O)cc1,8.19,1
113,OCc1noc(-c2ccc(N3CCC4(COc5ccccc54)C3)nn2)n1,8.19,1
114,CC(C)CCc1ccccc1NCc1ccc(C(=O)Nc2nc(CC(=O)O)cs2)s1,8.17,1
115,O=C(NCC(O)c1cccnc1)c1ccc(N2CCC3(CCc4c(F)ccc(F)c4O3)CC2)nn1,8.15,1
116,O=C(NCC(O)c1cccnc1)c1ccc(N2CCC3(CCc4c(F)cccc4O3)CC2)nn1,8.15,1
117,O=C(O)c1cncc(-c2ccc(N3CCC(Oc4cc(F)ccc4Br)CC3)nn2)c1,8.15,1
118,Cc1ccccc1C(=O)C1CCN(c2ccc(C(=O)NCC(O)c3ccsc3)nn2)CC1,8.15,1
119,NC(=O)c1nnc(N2CCC(Oc3ccccc3C(F)(F)F)CC2)s1,8.15,1
120,O=C(NCC(O)c1ccccc1)c1ccc(N2CCC(C(=O)c3ccccc3C(F)(F)F)CC2)nn1,8.15,1
121,Cc1ccccc1C(=O)C1CCN(c2ccc(C(=O)NCC(O)c3ccccc3)nn2)CC1,8.15,1
122,c1ccc2c(c1)CCC1(CCN(c3ccc(-c4nnc(Cc5ccncc5)o4)nn3)CC1)O2,8.15,1
123,COc1ccc(-c2ccc(N3CCC(c4noc5ccc(F)cc45)CC3)nn2)nc1,8.15,1
124,OCc1ccc(-c2ccc(N3CCC(N4CCc5ccc(F)cc54)CC3)nn2)cc1,8.15,1
125,O=C(O)Cc1csc(NC(=O)c2ccc(CNc3ccccc3Cc3ccccc3)s2)n1,8.12,1
126,OCc1ccc(-c2ccc(N3CCC(N4CCc5ccc(F)cc54)CC3)nn2)cc1,8.1,1
127,Cc1nc(N2CCN(CCCc3ccccc3)C2=O)sc1C(=O)NCc1cccnc1,8.1,1
128,COc1ccc(C(=O)Nc2ncc(Cc3ccc(F)c(C(F)(F)F)c3)s2)cc1OCCO,8.1,1
129,COc1ccc(C(=O)Nc2nnc(Cc3cccc(C(F)(F)F)c3)s2)cc1OCCO,8.1,1
130,Cn1cc(-c2ccc(N3CCC(n4ncc5ccc(C(F)(F)F)cc54)CC3)nn2)cn1,8.1,1
131,COCc1cnn(-c2ccc(N3CCC(c4noc5ccc(F)cc45)CC3)nn2)c1,8.1,1
132,COc1ccc2nc(NC(=O)c3ccc(C(=O)c4ccccc4)cc3)sc2c1,8.1,1
133,N[C@H](c1ccccc1)c1ccc(C(=O)Nc2nc3ccc(O)cc3s2)cc1,8.1,1
134,OCc1ccc(-c2ccc(N3CCC(c4noc5ccc(F)cc45)CC3)nn2)cn1,8.1,1
135,Cc1nc(-n2cnn(Cc3ccc(C(F)(F)F)o3)c2=O)sc1C(=O)NCc1cccnc1,8.1,1
136,O=C(Nc1ncc(C(=O)O)s1)c1ccc(CNc2ccccc2C(F)(F)F)cc1,8.09,1
137,COc1ccc(-c2nc3ccc(NCc4ccc(Cl)c(Cl)c4)cc3n(CCNC(C)=O)c2=O)cc1,8.07,1
138,COc1ccc(-c2nc3ccc(NCc4ccc(Cl)c(Cl)c4)cc3n(CCNC(C)=O)c2=O)cc1,8.07,1
139,O=C(O)Cc1csc(NC(=O)c2ccc(CNc3ccccc3-c3ccccc3)cc2)n1,8.06,1
140,CCCCc1ccccc1NCc1ccc(C(=O)Nc2nc(CC(=O)O)cs2)s1,8.06,1
141,CCCc1ccccc1NCc1ccc(C(=O)Nc2nc(C)cs2)cc1,8.05,1
142,c1ccc(Cc2nnc(-c3ccc(N4CCC5(CCc6ccccc6O5)CC4)nn3)o2)nc1,8.05,1
143,COc1ccc(C(=O)Nc2ncc(Cc3cccc(Cl)c3)s2)cc1OCCO,8.05,1
144,COc1ccc(C(=O)Nc2ncc(Cc3ccc(F)c(F)c3)s2)cc1OCCO,8.05,1
145,CCOc1cnn(-c2ccc(N3CCC(N4CCc5ccc(F)cc54)CC3)nn2)c1,8.05,1
146,Cn1cc(-c2ccc(N3CCC(n4ncc5ccc(F)cc54)CC3)nn2)cn1,8.05,1
147,O=C(O)Cc1csc(NC(=O)c2ccc(CNc3ccccc3C(F)(F)F)s2)n1,8.05,1
148,Cc1cn(-c2ccc(N3CCC(N4CCc5ccc(F)cc54)CC3)nn2)cn1,8.05,1
149,O=C(NCCc1ccccc1)c1ccc(N2CCN(C(=O)c3ccccc3C(F)(F)F)CC2)nn1,8.05,1
150,COc1ccc2cc(C(=O)Nc3ncc(Cc4cccc(C(F)(F)F)c4)s3)ccc2c1,8.05,1
151,Cc1nc(-n2cnn(CCOc3ccc(F)cc3)c2=O)sc1C(=O)NCc1cccnc1,8.05,1
152,Cc1nc(-n2cnn(Cc3ccc(F)cc3)c2=O)sc1C(=O)NCc1nccs1,8.05,1
153,Cc1cnc(-c2ccc(N3CCC(c4noc5ccc(F)cc45)CC3)nn2)s1,8.05,1
154,O=C(Nc1nc2ccccc2s1)c1ccc(C(=O)c2ccccc2)cc1,8.05,1
155,N[C@H](c1ccccc1)c1ccc(C(=O)Nc2nc3ccc(O)cc3s2)cc1,8.05,1
156,Cc1csc(NC(=O)c2ccc(CNc3ccccc3Cl)cc2)n1,8.04,1
157,N#CC1(c2ccc(S(F)(F)(F)(F)F)cc2)CCN(c2ccc(-c3nc(CO)no3)nn2)CC1,8.02,1
158,Cc1ccc(-c2nc3cnc(NCc4cccc(C(F)(F)F)c4)nc3n(CCC(N)=O)c2=O)cc1,8.02,1
159,Cc1csc(NC(=O)c2ccc(CNc3ccccc3C(F)(F)F)s2)n1,8.01,1
160,O=C(NCc1cccnc1)Nc1ccc(N2CCC3(CCc4c(cccc4C(F)(F)F)O3)CC2)nn1,8,1
161,O=C(NCC(O)c1ccccc1)c1ccc(N2CCC(C(=O)c3ccccc3OC(F)(F)F)CC2)nn1,8,1
162,O=C(NCCCC1CC1)c1ccc(N2CCN(C(=O)c3ccccc3C(F)(F)F)CC2)nn1,8,1
163,COc1cc(C(=O)Nc2ncc(Cc3cccc(C(F)(F)F)c3)s2)ccc1OCCO,8,1
164,NC(=O)c1cnc(N2CCC(Oc3ccccc3C(F)(F)F)CC2)s1,8,1
165,O=C(NCC(O)c1cccnc1)c1ccc(N2CCC3(CC2)CCN(CC2CC2)c2ccccc2O3)nn1,8,1
166,Cc1nc(N2CCN(Cc3ccc(F)cc3)C2=O)sc1C(=O)NCc1cccnc1,8,1
167,COc1ccc(C(=O)Nc2ncc(Cc3cccc(F)c3)s2)cc1OCCO,7.96,1
168,CC(=O)Nc1ccc(C(=O)Nc2ncc(Cc3cccc(C(F)(F)F)c3)s2)cc1OCCO,7.96,1
169,COc1ncc(-c2ccc(N3CCC(N4CCc5ccc(F)cc54)CC3)nn2)cn1,7.96,1
170,Cc1ccc(-c2ccc(N3CCC(c4noc5ccc(F)cc45)CC3)nn2)cn1,7.96,1
171,Cc1ccc(-c2ccc(N3CCC(N4CCc5ccc(F)cc54)CC3)nn2)cc1,7.96,1
172,OCCc1cnn(-c2ccc(N3CCC(N4CCc5ccc(F)cc54)CC3)nn2)c1,7.96,1
173,Cc1ccccc1C(=O)C1CCN(c2ccc(C(=O)NCC(O)c3cccc(F)c3)nn2)CC1,7.96,1
174,N#CC1(c2ccc(OC(F)(F)F)cc2)CCN(c2ccc(-c3nc(CO)no3)nn2)CC1,7.96,1
175,Cc1cnn(-c2ccc(N3CCC(N4CCc5ccc(F)cc54)CC3)nn2)c1,7.96,1
176,Cn1cc(-c2ccc(N3CCC(n4ccc5ccc(F)cc54)CC3)nn2)cn1,7.96,1
177,CNC(=O)Cn1cc(-c2ccc(N3CCC(N4CCc5ccc(F)cc54)CC3)nn2)cn1,7.96,1
178,O=C(O)Cn1nnc(-c2cc(N3CCC4(CCc5c(Cl)cccc5O4)CC3)no2)n1,7.96,1
179,COc1ccc2nc(NC(=O)c3ccc([C@H](N)c4ccccc4)cc3)sc2c1,7.96,1
180,N[C@H](c1ccccc1)c1ccc(C(=O)Nc2nc3ccccc3s2)cc1,7.96,1
181,O=C(Nc1ncc(Cc2cccc(C(F)(F)F)c2)s1)c1ccc(N2CCOCC2)c(OCCO)c1,7.92,1
182,OCCn1cc(-c2ccc(N3CCC(n4ccc5ccc(F)cc54)CC3)nn2)cn1,7.92,1
183,Cc1cnc(-c2ccc(N3CCC(N4CCc5ccc(F)cc54)CC3)nn2)s1,7.92,1
184,Cc1nc(-n2ccc(OCCC3CC3)cc2=O)sc1C(=O)NCc1ccccc1,7.92,1
185,O=C(NCCC1CC1)c1ccc(N2CCN(C(=O)c3cc(F)ccc3C(F)(F)F)CC2)nn1,7.92,1
186,CNC(=O)Cn1cc(-c2ccc(N3CCC(N4CCc5ccc(F)cc54)CC3)nn2)cn1,7.92,1
187,O=C(O)Cn1nnc(-c2cnc(N3CCC4(CC3)CC(=O)c3c(Cl)cccc3O4)s2)n1,7.92,1
188,Cn1cc(-c2ccc(N3CCC(c4noc5ccc(F)cc45)CC3)nn2)cn1,7.92,1
189,N[C@H](c1ccccc1)c1ccc(C(=O)Nc2nc3ccccc3s2)cc1,7.92,1
190,Cc1cnn(-c2ccc(N3CCC(c4noc5ccc(F)cc45)CC3)nn2)c1,7.92,1
191,O=C(O)Cn1nnc(-c2nnc(N3CCC4(CCc5c(Cl)cccc5O4)CC3)s2)n1,7.92,1
192,CN(C)c1ccc(-c2ccc(N3CCC(N4CCc5ccc(F)cc54)CC3)nn2)cn1,7.92,1
193,COc1ccc(C(=O)Nc2ncc(Cc3ccc(Cl)c(Cl)c3)s2)cc1OCCO,7.89,1
194,COc1ccc(-c2nc3ccc(NCc4cccc(C)c4)cc3n(CCNC(C)=O)c2=O)cc1,7.89,1
195,COc1cccc2c1CCC1(CCN(c3nnc(-c4nnn(CC(=O)O)n4)s3)CC1)O2,7.89,1
196,CC(=O)NCCn1c(=O)c(-c2cccnc2)nc2ccc(NCc3ccc(F)c(Cl)c3)nc21,7.89,1
197,COc1ccc(C(=O)Nc2ncc(Cc3cc(Cl)cc(Cl)c3)s2)cc1OCCO,7.89,1
198,O=C(O)Cn1nnc(-c2cnc(N3CCC4(CCc5c(Cl)cccc5O4)CC3)s2)n1,7.89,1
199,C#CCOc1ccc2nc(NC(=O)c3ccc(C(=O)c4ccccc4)cc3)sc2c1,7.89,1
200,CC(=O)NCCn1c(=O)c(-c2cccnc2)nc2ccc(NCc3cccc(C(F)(F)F)c3)cc21,7.89,1
201,O=C(O)Cc1csc(NC(=O)c2ccc(CNc3ccccc3Cl)cc2)n1,7.89,1
202,NC(=O)c1cc(N2CCC(Oc3ccccc3C(F)(F)F)CC2)no1,7.85,1
203,O=C(NCC(O)c1ccccc1)c1ccc(N2CCC(C(=O)c3ccccc3C(F)(F)F)CC2)nn1,7.85,1
204,Fc1ccc2c(c1)N(C1CCN(c3ccc(-c4ccc(C(F)(F)F)nc4)nn3)CC1)CC2,7.85,1
205,Cc1ccccc1NCc1ccc(C(=O)Nc2nc(CC(=O)O)cs2)cc1,7.85,1
206,OCc1nnc(-c2ccc(N3CCC(c4noc5ccc(F)cc45)CC3)nn2)o1,7.85,1
207,Cc1nsc(-c2ccc(N3CCC(N4CCc5ccccc54)CC3)nn2)n1,7.85,1
208,CN(C)c1ccc(-c2ccc(N3CCC(n4ccc5ccc(F)cc54)CC3)nn2)cn1,7.85,1
209,O=C(NC[C@H](O)c1ccccc1)c1ccc(N2CCN(C(=O)c3ccccc3C(F)(F)F)CC2)nn1,7.82,1
210,CN(C)c1ccc(C(=O)Nc2ncc(Cc3cccc(C(F)(F)F)c3)s2)cc1OCCO,7.82,1
211,Cc1ccccc1C(=O)C1CCN(c2ccc(C(=O)NCC(O)c3ccccc3)nn2)CC1,7.82,1
212,CS(=O)(=O)c1ccc2nc(-c3ccc(-c4cccc(Cl)c4)cc3)[nH]c2c1,7.82,1
213,Cn1cc(-c2ccc(N3CCC(N4CCc5ccc(F)cc54)CC3)nn2)cn1,7.82,1
214,N#CC1(c2cccc(Cl)c2)CCN(c2ccc(-c3nc(CO)no3)nn2)CC1,7.82,1
215,CC(=O)NCCn1c(=O)c(-c2cccnc2)nc2ccc(NCc3ccc(Cl)c(Cl)c3)nc21,7.82,1
216,CNC(=O)Cn1cc(-c2ccc(N3CCC(n4ccc5ccc(F)cc54)CC3)nn2)cn1,7.82,1
217,CC(=O)Nc1ccc(-c2ccc(N3CCC(N4CCc5ccc(F)cc54)CC3)nn2)cn1,7.82,1
218,Cn1cc(-c2ccc(N3CCC(n4ncc5c(Cl)cccc54)CC3)nn2)cn1,7.82,1
219,FC(F)(F)c1ccccc1OC1CCN(c2ncc(-c3ncon3)s2)CC1,7.8,1
220,O=c1[nH]c(CO)nc2nc(N3CCC(Oc4ccccc4C(F)(F)F)CC3)sc12,7.8,1
221,O=C(NCC(O)c1ccccc1)c1ccc(N2CCC3(CC2)CC(O)c2ccccc2O3)nn1,7.8,1
222,Cn1cc(-c2ccc(N3CCC(n4ncc5ccc(Cl)cc54)CC3)nn2)cn1,7.8,1
223,O=C(Nc1ncc(Cc2cccc(C(F)(F)F)c2)s1)c1ccc(OCCO)c(OCCO)c1,7.8,1
224,COc1ccc(-c2nc3ccc(NCc4ccc(F)c(C(F)(F)F)c4)nc3n(CCNC(C)=O)c2=O)cc1,7.8,1
225,Cn1cc(-c2ccc(N3CCC(N4CCc5ccc(C(F)(F)F)cc54)CC3)nn2)cn1,7.8,1
226,COc1ccc(-c2nc3ccc(NCc4ccc(Cl)c(Cl)c4)nc3n(CCC(N)=O)c2=O)cc1,7.8,1
227,FC(F)(F)c1cccc2c1CCC1(CCN(c3ccc(-c4nnc(CCc5cccnc5)o4)nn3)CC1)O2,7.8,1
228,OCc1nnc(-c2ccc(N3CCC(c4noc5ccc(F)cc45)CC3)nn2)o1,7.8,1
229,Fc1ccc2ccn(C3CCN(c4ccc(-c5ccc(C(F)(F)F)nc5)nn4)CC3)c2c1,7.8,1
230,O=C(NCC(O)c1ccccc1)c1ccc(N2CCC3(CC2)CC(O)c2c(F)cccc2O3)nn1,7.77,1
231,OCCn1cc(-c2ccc(N3CCC(N4CCc5ccc(F)cc54)CC3)nn2)cn1,7.77,1
232,COc1ccc(C(=O)Nc2ncc(Cc3ccc(F)c(Cl)c3)s2)cc1OCCO,7.77,1
233,O=C(O)Cn1nnc(-c2cc(N3CCC4(CC3)CC(=O)c3c(Cl)cccc3O4)no2)n1,7.77,1
234,CCCCCCCCc1ccccc1NCc1ccc(C(=O)Nc2nc(CC(=O)O)cs2)s1,7.77,1
235,Nc1nc2cnc(N3CCC(Oc4cc(F)ccc4Br)CC3)nc2s1,7.77,1
236,O=C(NCCc1ccccc1)c1ccc(N2CCN(C(=O)c3ccccc3C(F)(F)F)CC2)nn1,7.75,1
237,O=C(NCCC1CC1)c1ccc(N2CCN(C(=O)c3cc(Cl)ccc3C(F)(F)F)CC2)nn1,7.75,1
238,Cc1csc(NC(=O)c2ccc(CNc3cccc(Cl)c3)cc2)n1,7.75,1
239,COc1ccc2nc(NC(=O)c3ccc(C(=O)NCc4ccccc4)cc3)sc2c1,7.75,1
240,OCn1cc(-c2ccc(N3CCC(n4ccc5ccc(F)cc54)CC3)nn2)cn1,7.72,1
241,Fc1ccc(-c2ccc(N3CCC(N4CCc5ccc(F)cc54)CC3)nn2)cc1,7.72,1
242,CS(=O)(=O)c1ccc2nc(-c3ccc(-c4ccccc4F)nc3)[nH]c2c1,7.72,1
243,Cn1cc(-c2ccc(N3CCC(N4CCc5ccc(C(F)(F)F)cc54)CC3)nn2)cn1,7.72,1
244,O=C(NCC(O)c1ccccc1)c1ccc(N2CCC3(CCc4ccccc4C3=O)CC2)nn1,7.7,1
245,N#CC1(c2ccc(Cl)cc2)CCN(c2ccc(-c3nc(CO)no3)nn2)CC1,7.7,1
246,OCCc1cnn(-c2ccc(N3CCC(n4ccc5ccc(F)cc54)CC3)nn2)c1,7.7,1
247,Cn1cc(-c2ccc(N3CCC(c4noc5ccc(F)cc45)CC3)nn2)cn1,7.7,1
248,Cn1cc(Cl)nc(N2CCC(Oc3cc(F)ccc3Cl)CC2)c1=O,7.7,1
249,Cc1nnc(-c2ccc(N3CCC(Oc4ccccc4C(F)(F)F)CC3)nn2)s1,7.68,1
250,Cc1ccccc1C(=O)C1CCN(c2ccc(C(=O)NCC(O)c3ccsc3)nn2)CC1,7.68,1
251,CC(=O)NCCn1c(=O)c(-c2cccnc2)nc2cnc(NCc3ccc(Cl)c(Cl)c3)cc21,7.68,1
252,OCCn1cc(-c2ccc(N3CCC(N4CCc5ccc(F)cc54)CC3)nn2)cn1,7.68,1
253,CC(C)(C)c1ccc(C2(C#N)CCN(c3ccc(-c4nc(CO)no4)nn3)CC2)cc1,7.68,1
254,Cc1csc(-c2ccc(N3CCC(c4noc5ccc(F)cc45)CC3)nn2)n1,7.68,1
255,Fc1ccc2c(c1)N(C1CCN(c3ccc(-c4cn[nH]c4)nn3)CC1)CC2,7.68,1
256,OCc1cnn(-c2ccc(N3CCC(N4CCc5ccc(F)cc54)CC3)nn2)c1,7.68,1
257,Cn1cc(-c2ccc(N3CCC(N4CCc5ccc(C(F)(F)F)cc54)CC3)nn2)cn1,7.68,1
258,CCOCCn1cc(-c2ccc(N3CCC(c4noc5ccc(F)cc45)CC3)nn2)cn1,7.68,1
259,O=C(O)Cn1nnc(-c2cnc(N3CCC4(CC3)Cc3cccc(Cl)c3C(=O)O4)s2)n1,7.68,1
260,CCCn1cc(-c2ccc(N3CCC(n4ccc5ccc(F)cc54)CC3)nn2)cn1,7.66,1
261,Cc1ccccc1C(=O)C1CCN(c2ccc(C(=O)NCC(O)c3ccc(F)cc3)nn2)CC1,7.66,1
262,O=C(Nc1nc(CO)c(C(=O)O)s1)c1ccc(CNc2ccccc2C(F)(F)F)cc1,7.66,1
263,Cc1ccccc1C(=O)C1CCN(c2ccc(C(=O)NCC(O)c3ccccc3F)nn2)CC1,7.66,1
264,COc1ccc2nc(NC(=O)c3ccc(C(N)c4ccccc4)cc3)sc2c1,7.66,1
265,OCc1ccc(-c2ccc(N3CCC(n4ccc5ccc(F)cc54)CC3)nn2)cc1,7.66,1
266,COc1ccc2nc(NC(=O)c3ccc(C(=O)c4ccccn4)cc3)sc2c1,7.66,1
267,CNC(=O)Cn1cc(-c2ccc(N3CCC(N4CCc5ccc(F)cc54)CC3)nn2)cn1,7.66,1
268,O=C(CNC(=O)c1ccc(N2CCN(C(=O)c3ccccc3C(F)(F)F)CC2)nn1)c1ccccc1,7.64,1
269,Cc1cnn(-c2ccc(N3CCC(N4CCc5ccc(F)cc54)CC3)nn2)c1,7.64,1
270,Cn1cc(-c2ccc(N3CCC(n4ccc5ccc(F)cc54)CC3)nn2)cn1,7.64,1
271,COc1ccc2nc(NC(=O)c3ccc(C(=O)c4cccnc4)cc3)sc2c1,7.64,1
272,CS(=O)(=O)c1ccc2nc(-c3ccc(-c4ccccc4)cc3)[nH]c2c1,7.62,1
273,CCCCCCNC(=O)c1ccc(N2CCN(C(=O)c3ccccc3C(F)(F)F)CC2)nn1,7.62,1
274,O=C(NCCC1CC1)c1ccc(N2CCN(C(=O)c3ccc(F)cc3C(F)(F)F)CC2)nn1,7.62,1
275,NC(=O)c1cnc(N2CCC(Sc3ccccc3C(F)(F)F)CC2)s1,7.62,1
276,O=C(O)Cn1nnc(-c2nnc(N3CCC4(CC3)CC(=O)c3c(Cl)cccc3O4)s2)n1,7.62,1
277,Cn1cc(-c2ccc(N3CCC(n4ccc5ccc(F)cc54)CC3)nn2)cn1,7.6,1
278,Cc1ccccc1C(=O)C1CCN(c2ccc(C(=O)NCC(O)c3cccs3)nn2)CC1,7.6,1
279,O=C(NC[C@H](O)c1ccccc1)c1ccc(N2CCN(C(=O)c3ccccc3C(F)(F)F)CC2)nn1,7.6,1
280,OCn1cc(-c2ccc(N3CCC(n4ccc5ccc(F)cc54)CC3)nn2)cn1,7.6,1
281,COc1ccc(C(=O)Nc2ncc(Cc3cc(C(F)(F)F)cc(C(F)(F)F)c3)s2)cc1OCCO,7.58,1
282,Cc1nc(-n2ccc(OCc3ccccc3)cc2=O)sc1C(=O)NCc1ccccc1,7.58,1
283,O=C(O)Cn1nnc(-c2cc(N3CC4CN(c5cc(F)ccc5Cl)CC4C3)no2)n1,7.57,1
284,N#CC1(c2ccc(C(F)(F)F)cc2)CCN(c2ccc(-c3nc(CO)no3)nn2)CC1,7.57,1
285,CS(=O)(=O)c1ccc2nc(-c3ccc(-c4ccccc4F)cc3)[nH]c2c1,7.57,1
286,O=C(NCc1cccnc1)c1ccc(N2CCC3(CCc4ccccc4O3)CC2)nn1,7.57,1
287,COc1ccc2nc(NC(=O)c3ccc([C@H](N)c4ccccc4)cc3)sc2c1,7.57,1
288,CCCCCNC(=O)c1ccc(N2CCN(C(=O)c3ccccc3C(F)(F)F)CC2)nn1,7.55,1
289,Cc1ccccc1C(=O)C1CCN(c2ccc(C(=O)NCC(O)c3cccnc3)nn2)CC1,7.55,1
290,Cn1cc(-c2ccc(N3CCC(N4CCc5ccc(Cl)cc54)CC3)nn2)cn1,7.55,1
291,Cc1ccccc1C(=O)C1CCN(c2ccc(C(=O)NCC(O)c3cccnc3)nn2)CC1,7.55,1
292,COc1ccc2nc(NC(=O)c3ccc(C(O)c4ccccn4)cc3)sc2c1,7.54,1
293,O=c1[nH]cnc2nc(N3CCC(Oc4ccccc4C(F)(F)F)CC3)sc12,7.54,1
294,O=C(CNc1nccnc1Cl)N1CCC(Oc2ccccc2Cl)CC1,7.52,1
295,CN(C)c1ccc(-c2ccc(N3CCC(N4CCc5ccc(F)cc54)CC3)nn2)cn1,7.52,1
296,Cc1csc(NC(=O)N2CCC(CNc3ccccc3C(F)(F)F)CC2)n1,7.52,1
297,Cc1nc(-n2ccc(O)cc2=O)sc1C(=O)NCc1ccc(F)cc1,7.52,1
298,CCn1cc(-c2ccc(N3CCC(N4CCc5ccc(F)cc54)CC3)nn2)cn1,7.52,1
299,Fc1ccc(Cl)c(OC2CCN(c3nccnn3)CC2)c1,7.52,1
300,CS(=O)(=O)c1ccc2nc(-c3ccc(-c4cccc(F)c4)cc3)[nH]c2c1,7.52,1
301,FC(F)(F)c1ccccc1NC1CCN(c2nccnn2)CC1,7.52,1
302,O=C(Nc1nc(CCCO)c(CCO)s1)c1ccc(CNc2ccccc2C(F)(F)F)cc1,7.51,1
303,Fc1ccc2c(c1)N(C1CCN(c3ccc(-c4ccc(C(F)(F)F)cc4)nn3)CC1)CC2,7.51,1
304,CCOC(=O)Cn1cc(-c2ccc(N3CCC(N4CCc5ccc(F)cc54)CC3)nn2)cn1,7.51,1
305,COc1ccc(NC(=O)c2ncc(Cc3cccc(C(F)(F)F)c3)s2)cc1OCCO,7.5,1
306,COc1ccc(C(=O)Nc2cnc(Cc3cc(C(F)(F)F)cc(C(F)(F)F)c3)s2)cc1OCCO,7.5,1
307,Cc1ncc(CNC(=O)c2sc(-n3cnn(Cc4ccc(F)cc4)c3=O)nc2C)s1,7.5,1
308,COc1ccc(-c2nc3ccc(NCc4cccc(C(F)(F)F)c4)cc3n(CCNC(C)=O)c2=O)cc1,7.48,1
309,O=C(NCC(O)c1ccccc1)c1ccc(N2CCC3(CC2)CC(O)c2cccc(F)c2O3)nn1,7.48,1
310,COc1ccc(-c2nc3cnc(NCc4ccc(Cl)c(Cl)c4)cc3n(CCNC(C)=O)c2=O)cc1,7.47,1
311,COc1ccc(C(=O)Nc2ncc(Cc3cccc(F)c3)s2)cc1OCCO,7.47,1
312,COc1ccc(C(=O)Nc2ncc(Cc3ccc(F)c(F)c3)s2)cc1OCCO,7.47,1
313,Cc1nsc(-c2ccc(N3CCC(n4ccc5ccccc54)CC3)nn2)n1,7.47,1
314,Cc1nc(-n2ccc(O)cc2=O)sc1C(=O)NCc1ccccc1,7.47,1
315,CNC(=O)c1nccnc1NCC(=O)N1CCC(Oc2c(F)ccc(F)c2Cl)CC1,7.46,1
316,FC(F)(F)c1cccc2c1CCC1(CCN(c3ccc(-c4nnc(CCc5cccnc5)o4)nn3)CC1)O2,7.46,1
317,Cn1cc(-c2ccc(N3CCC(n4ccc5ccc(Cl)cc54)CC3)nn2)cn1,7.46,1
318,CNc1ccc(-c2ccc(N3CCC(n4ccc5ccc(F)cc54)CC3)nn2)cn1,7.46,1
319,Cn1cc(-c2ccc(N3CCC(N4CCc5ccc(F)cc54)CC3)nn2)cn1,7.44,1
320,NC(=O)CCn1c(=O)c(-c2cccnc2)nc2cnc(NCc3ccc(Cl)c(Cl)c3)nc21,7.44,1
321,CC(C)CCNC(=O)c1ccc(N2CCN(C(=O)c3ccccc3C(F)(F)F)CC2)nn1,7.43,1
322,CNC(=O)c1nccnc1NCC(=O)N1CCC(Oc2c(Cl)cccc2Cl)CC1,7.42,1
323,Cn1nc(Cc2cccnc2)nc1-c1ccc(N2CCC3(CCc4c(cccc4C(F)(F)F)O3)CC2)nn1,7.42,1
324,OCc1noc(-c2ccc(N3CCC(c4ccccc4)(C(F)(F)F)CC3)nn2)n1,7.42,1
325,COC(=O)c1nccnc1NCC(=O)N1CCC(Oc2ccccc2Cl)CC1,7.41,1
326,O=C(NCCC1CC1)c1ccc(N2CCN(C(=O)c3ccccc3C(F)(F)F)CC2)nn1,7.41,1
327,Cc1nc(-c2cnc(N3CCC(Oc4ccccc4C(F)(F)F)CC3)s2)no1,7.41,1
328,CCNC(=O)c1nccnc1NCC(=O)N1CCC(Oc2ccccc2Cl)CC1,7.41,1
329,Cc1nc(-n2cnn(Cc3ccc(F)cc3)c2=O)sc1C(=O)NCc1cocn1,7.41,1
330,Cn1cc(-c2ccc(N3CCC(N4CCc5ccc(F)cc54)CC3)nn2)cn1,7.41,1
331,CC(C)N1CCC2(CCN(c3ccc(C(=O)NCC(O)c4cccnc4)nn3)CC2)Oc2ccccc21,7.4,1
332,CC(=O)NCCn1c(=O)c(-c2ccc(C)cc2)nc2cnc(NCc3ccc(Cl)c(Cl)c3)cc21,7.4,1
333,Cc1nc(N2CCN(Cc3ccc(F)cc3)C2=O)sc1C(=O)NCc1ccccn1,7.4,1
334,O=C(O)Cn1nnc(-c2cc(OCCCOc3cc(F)ccc3Br)no2)n1,7.39,1
335,CCOCCn1cc(-c2ccc(N3CCC(N4CCc5ccc(F)cc54)CC3)nn2)cn1,7.39,1
336,O=C(NCc1ccccc1)c1ccc(N2CCN(C(=O)c3ccccc3C(F)(F)F)CC2)nn1,7.39,1
337,O=C(O)Cn1nnc(-c2cnc(N3CCC4(CC3)CC(=O)c3ccccc3O4)s2)n1,7.39,1
338,Cn1cc(-c2ccc(N3CCC(N4CCc5ccc(C(F)(F)F)cc54)CC3)nn2)cn1,7.38,1
339,O=C(Nc1nc2ccccc2[nH]1)c1ccc(C(=O)c2ccccc2)cc1,7.38,1
340,Cc1ccccc1C(=O)C1CCN(c2ccc(C(=O)NCC(O)c3cccnc3)nn2)CC1,7.37,1
341,COc1ccc2nc(NC(=O)c3ccc(OCc4ccccc4)cc3)sc2c1,7.37,1
342,Cc1ccccc1C(=O)C1CCN(c2ccc(C(=O)NCC(O)c3cccs3)nn2)CC1,7.36,1
343,COc1ccc2nc(NC(=O)c3ccc(Nc4ccccc4)cc3)sc2c1,7.36,1
344,Cc1csc(NC(=O)c2ccc(CNc3ccccc3C)cn2)n1,7.34,1
345,Cc1nc(-n2cnn(Cc3ccc(C(F)(F)F)cc3)c2=O)sc1C(=O)NCc1cccnc1,7.34,1
346,COc1ccc(-c2nc3ccc(NCc4ccc(F)c(Cl)c4)nc3n(CCNC(C)=O)c2=O)cc1,7.33,1
347,COc1ccc(-c2nc3ccc(NCc4cccc(C(F)(F)F)c4)nc3n(CCNC(C)=O)c2=O)cc1,7.33,1
348,Fc1ccc(Br)c(OC2CCN(c3ncc4nc[nH]c4n3)CC2)c1,7.33,1
349,Cc1nc(-n2ccc(O)cc2=O)sc1C(=O)NCc1ccc(F)c(F)c1,7.32,1
350,FC(F)(F)c1ccccc1OC1CCN(c2ncnc3[nH]cnc23)CC1,7.32,1
351,O=C(O)Cn1nnc(-c2cnc(N3CCC4(CCc5ccccc54)CC3)s2)n1,7.31,1
352,O=C(NCC(O)c1ccccc1)c1ccc(N2CCC3(CC2)Oc2ccccc2CC3O)nn1,7.31,1
353,O=C(CO)Nc1cnc2ncn(Cc3ccc(Cl)c(Cl)c3)c(=O)c2c1,7.31,1
354,O=C(NCC(O)c1ccccc1)c1ccc(N2CCC3(CC2)CC(=O)c2ccccc2O3)nn1,7.3,1
355,Cc1nc(-n2ccc(CCc3ccccc3)cc2=O)sc1C(=O)NCc1ccccc1,7.3,1
356,CCCOc1ccc2nc(NC(=O)c3ccc(C(=O)c4ccccc4)cc3)sc2c1,7.3,1
357,COc1ccc2nc(NC(=O)c3ccc([C@H](N)c4ccccc4)cc3)sc2c1,7.3,1
358,CNC(=O)c1nccnc1NCC(=O)N1CCC(Oc2ccccc2Cl)CC1,7.29,1
359,CNC(=O)c1nccnc1NCC(=O)N1CCC(Oc2c(F)cccc2Cl)CC1,7.29,1
360,Cc1ccccc1C(=O)C1CCN(c2ccc(C(=O)NCC(O)c3ccccc3)nn2)CC1,7.29,1
361,COc1ccc(-c2nc3ccc(NCc4cc(C(F)(F)F)cc(C(F)(F)F)c4)nc3n(CCNC(C)=O)c2=O)cc1,7.29,1
362,Cn1cc(-c2ccc(N3CCC(n4ncc5ccc(F)cc54)CC3)nn2)cn1,7.29,1
363,Cn1cc(-c2ccc(N3CCC(n4ncc5c(C(F)(F)F)cccc54)CC3)nn2)cn1,7.28,1
364,OCc1cnn(-c2ccc(N3CCC(c4noc5ccc(F)cc45)CC3)nn2)c1,7.28,1
365,Cc1nc(N2CCN(Cc3ccccc3)C2=O)sc1C(=O)NCc1ccccc1,7.28,1
366,OCCn1cc(-c2ccc(N3CCC(n4ncc5ccc(F)cc54)CC3)nn2)cn1,7.28,1
367,O=C(O)COc1nc2cnc(N3CCC(Oc4cc(F)ccc4Br)CC3)nc2s1,7.28,1
368,Fc1ccc2c(c1)N(C1CCN(c3ccc(-c4ccc(C(F)(F)F)cc4)nn3)CC1)CC2,7.27,1
369,COc1ccc2nc(NC(=O)c3ccc(C(N)c4ccccc4)cc3)sc2c1,7.27,1
370,Cc1nc(-n2ccc(OCc3cscn3)cc2=O)sc1C(=O)NCc1ccccc1,7.26,1
371,FC(F)(F)c1ccccc1OC1CCN(c2ncc(-c3ncco3)s2)CC1,7.26,1
372,Cc1nc(N2CCN(Cc3ccc(F)cc3)C2=O)sc1C(N)=O,7.26,1
373,Fc1cc(Br)c(OC2CCN(c3nccnn3)CC2)cc1F,7.26,1
374,CNC(=O)c1nccnc1NCC(=O)N1CCC(Oc2ccccc2Br)CC1,7.24,1
375,O=C(O)Cc1cnc(NC(=O)c2ccc(CNc3ccccc3C(F)(F)F)cc2)s1,7.24,1
376,COc1ccc2nc(NC(=O)c3ccc(N)cc3)sc2c1,7.24,1
377,COc1ccc(C(=O)Nc2ncc(Cc3cccc(OC(F)(F)F)c3)s2)cc1OCCO,7.23,1
378,Cc1nc2nc(N3CCC(Oc4ccccc4C(F)(F)F)CC3)sc2c(=O)[nH]1,7.23,1
379,NNC(=O)c1ccc(N2CCC(c3noc4ccc(F)cc34)CC2)nn1,7.23,1
380,COC1CC2(CCN(c3ccc(C(=O)NCC(O)c4ccccc4)nn3)CC2)Oc2ccccc21,7.22,1
381,CS(=O)(=O)c1ccn2cc(-c3ccc(-c4ccccc4)cc3)nc2c1,7.22,1
382,Cc1ccccc1C(=O)C1CCN(c2ccc(C(=O)NCC(O)c3ccccc3F)nn2)CC1,7.22,1
383,O=C(NC[C@@H](O)c1ccccc1)c1ccc(N2CCN(C(=O)c3ccccc3C(F)(F)F)CC2)nn1,7.22,1
384,OCCc1cnn(-c2ccc(N3CCC(c4noc5ccc(F)cc45)CC3)nn2)c1,7.22,1
385,COc1ccc2nc(NC(=O)c3ccc(C(=O)NCc4ccccc4)cc3)sc2c1,7.22,1
386,O=C(NCC(O)c1ccccc1)c1ccc(N2CCC3(C=Cc4ccccc4O3)CC2)nn1,7.21,1
387,COc1ccn(-c2nc(C)c(C(=O)NCc3ccccc3)s2)c(=O)c1,7.21,1
388,Cc1cc(C(=O)N2CCN(c3ccc(C(=O)NCCC4CC4)nn3)CC2)c(C(F)(F)F)o1,7.21,1
389,O=C(O)Cn1nnc(-c2cnc(N3CCC4(CC3)NC(=O)c3c(Cl)cccc3O4)s2)n1,7.21,1
390,Cc1nc(N2CCN(CC3CC3)C2=O)sc1C(=O)NCc1cccnc1,7.2,1
391,Cn1nc(Cc2cccnc2)nc1-c1ccc(N2CCC3(CCc4c(cccc4C(F)(F)F)O3)CC2)nn1,7.19,1
392,FC(F)(F)c1ccccc1OC1CCN(c2ncc(-c3nnco3)s2)CC1,7.19,1
393,Cc1cn(-c2ccc(N3CCC(c4noc5ccc(F)cc45)CC3)nn2)cn1,7.19,1
394,O=[N+]([O-])c1ccc(Cl)c(OC2CCN(c3nccnn3)CC2)c1,7.19,1
395,O=C(O)Cn1nnc(-c2cnc(N3CCC4(CC3)COc3ccccc34)s2)n1,7.19,1
396,Cc1nc(-n2cnn(C(C)c3ccc(F)cc3)c2=O)sc1C(=O)NCc1ccccn1,7.18,1
397,O=C(NCCC1CC1)c1ccc(N2CCN(C(=O)c3cccc(F)c3C(F)(F)F)CC2)nn1,7.18,1
398,Cc1nc(-n2cnn(Cc3ccc(F)cc3)c2=O)sc1C(=O)NCc1ccccn1,7.17,1
399,Cc1nc2ccc(NCc3cccc(C(F)(F)F)c3)cc2n(CCNC(=O)C(O)CO)c1=O,7.17,1
400,O=C(COc1ccccc1)Nc1ccc2ncn(Cc3ccc(Cl)c(Cl)c3)c(=O)c2c1,7.17,1
401,Cc1ccc(CNC(=O)c2ccc(N3CCN(C(=O)c4ccccc4C(F)(F)F)CC3)nn2)o1,7.17,1
402,Cc1nsc(-c2ccc(N3CCC(c4noc5ccc(F)cc45)CC3)nn2)n1,7.17,1
403,Cn1cc(-c2ccc(N3CCC(n4ncc5c(F)cccc54)CC3)nn2)cn1,7.17,1
404,COc1ccc2nc(NC(=O)c3ccc([C@@H](N)c4ccccc4)cc3)sc2c1,7.16,1
405,O=C(Nc1nc2ccccc2[nH]1)c1ccc(N2CCN(C(=O)c3ccccc3C(F)(F)F)CC2)nn1,7.16,1
406,CCn1cc(-c2ccc(N3CCC(c4noc5ccc(F)cc45)CC3)nn2)cn1,7.16,1
407,O=C(NC[C@H](O)c1ccccc1)c1ccc(N2CCN(C(=O)c3ccccc3C(F)(F)F)CC2)nn1,7.15,1
408,CCCn1cc(-c2ccc(N3CCC(N4CCc5ccc(F)cc54)CC3)nn2)cn1,7.14,1
409,NS(=O)(=O)c1ccc2nc(-c3ccc(-c4ccccc4F)cc3)[nH]c2c1,7.13,1
410,O=C(NCC(O)c1ccccc1)c1ccc(N2CCC3(CC2)Cc2ccccc2CO3)nn1,7.12,1
411,O=C(NCc1cccnc1)c1ccc(N2CCC3(CCc4ccccc4O3)CC2)nn1,7.12,1
412,Cc1cn(-c2ccc(N3CCC(N4CCc5ccccc54)CC3)nn2)cn1,7.12,1
413,O=C(CO)Nc1ccc2ncn(Cc3ccc(Cl)cc3)c(=O)c2c1,7.1,1
414,COc1ccc(-c2ccc(N3CCC(N4CCc5ccc(F)cc54)CC3)nn2)cn1,7.1,1
415,N#CC1(c2ccccc2Cl)CCN(c2ccc(-c3nc(CO)no3)nn2)CC1,7.1,1
416,O=C(NCC(O)c1ccccc1)c1ccc(N2CCC(C(=O)c3ccc(F)cc3)CC2)nn1,7.1,1
417,O=C(NC[C@@H](O)c1ccccc1)c1ccc(N2CCN(C(=O)c3ccccc3C(F)(F)F)CC2)nn1,7.09,1
418,COc1ccc(-c2nc3ccc(NCc4ccc(Cl)c(Cl)c4)nc3n(CCNC(C)=O)c2=O)cc1,7.09,1
419,COc1ccc(C(=O)Nc2ncc(Cc3ccc(C)c(F)c3)s2)cc1OCCO,7.09,1
420,NC(=O)c1cnc(N2CC[C@H](Oc3ccccc3C(F)(F)F)C2)s1,7.08,1
421,COc1ccc2nc(NC(=O)c3ccc([C@H](N)c4ccccc4)cc3)sc2c1,7.07,1
422,Cc1cn(-c2ccc(N3CCC(n4ccc5ccccc54)CC3)nn2)cn1,7.07,1
423,Cn1ccc(NC(=O)c2cn(Cc3cccc(OC(F)(F)F)c3)cn2)n1,7.06,1
424,O=C(NC[C@@H](O)c1ccccc1)c1ccc(N2CCN(C(=O)c3ccccc3C(F)(F)F)CC2)nn1,7.05,1
425,NC(=O)c1ncccc1NCC(=O)N1CCC(Oc2ccccc2C(F)(F)F)CC1,7.05,1
426,C#CCOc1ccc2nc(NC(=O)c3ccc(C(=O)c4ccccc4)cc3)sc2c1,7.05,1
427,Fc1ccc2c(c1)N(C1CCN(c3ccc(-c4ccc(C(F)(F)F)cc4)nn3)CC1)CC2,7.05,1
428,Cn1cc(-c2ccc(N3CCC(N4CCc5ccc(C(F)(F)F)cc54)CC3)nn2)cn1,7.04,1
429,NC(=O)CCn1c(=O)c(-c2cccnc2)nc2cnc(NCc3cccc(C(F)(F)F)c3)nc21,7.04,1
430,Cn1cc(-c2ccc(N3CCC(n4ncc5ccccc54)CC3)nn2)cn1,7.04,1
431,NC(=O)c1nccnc1NCC(=O)N1CCC(Oc2ccccc2Cl)CC1,7.03,1
432,Cc1csc(NC(=O)c2ccc(CNc3ccccc3)cc2)n1,7.02,1
433,Cc1nc(N2CCN(Cc3ccc(F)cc3)C2=O)sc1C(=O)NCc1ncco1,7.02,1
434,COc1ncc(-c2ccc(N3CCC(c4noc5ccc(F)cc45)CC3)nn2)cn1,7.02,1
435,C[S+]([O-])c1ccc2nc(-c3ccc(-c4ccccc4F)cc3)[nH]c2c1,7.02,1
436,COc1ccc(-c2nc3ccc(NCc4cccc(C)c4)nc3n(CCNC(C)=O)c2=O)cc1,7.02,1
437,OCc1cnn(-c2ccc(N3CCC(c4noc5ccc(F)cc45)CC3)nn2)c1,7.02,1
438,CNC(=O)c1ncccc1NCC(=O)N1CCC(Oc2ccccc2C(F)(F)F)CC1,7.01,1
439,O=C(NCc1cccnc1)c1nccnc1NCC(=O)N1CCC(Oc2ccccc2Cl)CC1,7,1
440,Cn1cc(-c2ccc(N3CCC(N4CCc5cc(F)ccc54)CC3)nn2)cn1,7,1
441,O=C(NCCc1ccccc1)c1ccc(N2CCN(C(=O)c3ccccc3C(F)(F)F)CC2)nc1,7,1
442,CNC(=O)c1nccnc1NCC(=O)N1CCC(Nc2ccccc2C(F)(F)F)CC1,7,1
443,Cc1cnnc(N2CCC(Oc3cc(F)ccc3Cl)CC2)n1,7,1
444,CCN1CCC2(CCN(c3ccc(C(=O)NCC(O)c4cccnc4)nn3)CC2)Oc2ccccc21,7,1
445,O=C(NCCO)c1nccnc1NCC(=O)N1CCC(Oc2ccccc2Cl)CC1,7,1
446,O=C(NCCCCC1CC1)c1ccc(N2CCN(C(=O)c3ccccc3C(F)(F)F)CC2)nn1,7,1
447,CC(C)CCNC(=O)c1ccc(N2CCN(C(=O)c3ccccc3C(F)(F)F)CC2)nc1,7,1
448,FC(F)(F)c1ccc(Cl)c(OC2CCN(c3nccnn3)CC2)c1,7,1
449,C#CCNC(=O)c1ccc(C(=O)Nc2nc3ccc(OC)cc3s2)cc1,7,1
450,CCCOc1ccc2nc(NC(=O)c3ccc(C(=O)c4ccccc4)cc3)sc2c1,7,1
451,N#CC1(c2ccc([N+](=O)[O-])cc2)CCN(c2ccc(-c3nc(CO)no3)nn2)CC1,7,1
452,COc1ccc(-c2nc3ccc(NCc4cccc(Cl)c4)nc3n(CCNC(C)=O)c2=O)cc1,7,1
453,Cc1cnc(N2CCC(Oc3cc(F)ccc3Cl)CC2)nn1,7,1
454,Cn1ccnc(N2CCC(Oc3ccccc3C(F)(F)F)CC2)c1=O,7,1
455,O=C(NCCC1CC1)c1ccc(N2CCN(C(=O)c3cc(Cl)ccc3Cl)CC2)nn1,7,1
456,O=C(NCc1cccnc1)c1cc(-n2cnn(Cc3ccc(F)cc3)c2=O)n[nH]1,6.99,1
457,O=C(NCC(O)c1ccccc1)c1ccc(N2CCC(C(=O)c3ccccc3OC(F)(F)F)CC2)nn1,6.99,1
458,Cc1nc(-n2cnn(Cc3ccc(F)cc3)c2=O)sc1C(=O)NCc1cc[nH]n1,6.98,1
459,O=C(NCc1cccnc1)Nc1ccc(N2CCC3(CCc4c(cccc4C(F)(F)F)O3)CC2)nn1,6.97,1
460,O=C(NCC(O)c1ccccc1)c1ccc(N2CCC(C(=O)c3ccccc3)CC2)nn1,6.97,1
461,CCNC(=O)c1ncccc1NCC(=O)N1CCC(Oc2ccccc2C(F)(F)F)CC1,6.96,1
462,O=C(CO)Nc1ccc2ncn(Cc3ccc(Cl)c(C(F)(F)F)c3)c(=O)c2c1,6.96,1
463,COc1ccc(-c2nc3ccc(NCc4ccc(Cl)cc4)nc3n(CCNC(C)=O)c2=O)cc1,6.96,1
464,O=C(NCc1ccccn1)c1nccnc1NCC(=O)N1CCC(Oc2ccccc2Cl)CC1,6.96,1
465,O=C(CO)Nc1ccc2ncn(Cc3ccc(Cl)c(C(F)(F)F)c3)c(=O)c2c1,6.96,1
466,O=C(NCc1ccncc1)c1nccnc1NCC(=O)N1CCC(Oc2ccccc2Cl)CC1,6.96,1
467,COC1(c2ccccc2)CCN(c2ccc(-c3nc(CO)no3)nn2)CC1,6.96,1
468,Fc1ccc2onc(C3CCN(c4ccc(-c5cn[nH]c5)nn4)CC3)c2c1,6.96,1
469,CS(=O)(=O)c1cnc2nc(-c3ccc(-c4ccccc4F)cc3)[nH]c2c1,6.95,1
470,Cc1csc(-c2ccc(N3CCC(c4noc5ccc(F)cc45)CC3)nn2)c1,6.94,1
471,COc1ccc(C(=O)Nc2ncc(Cc3cc(F)cc(F)c3)s2)cc1OCCO,6.94,1
472,COc1ccc2nc(NC(=O)c3ccc([C@H](N)c4ccccc4)cc3)sc2c1,6.94,1
473,O=C(NCC(O)c1ccccc1)c1ccc(N2CCC(C(=O)c3ccc(F)cc3)CC2)nn1,6.93,1
474,CC(C(=O)N1CCN(c2ccc(C(=O)NCCC3CC3)nn2)CC1)(C(F)(F)F)C(F)(F)F,6.92,1
475,O=C(CO)Nc1ccc2ncn(Cc3ccc(Cl)c(Cl)c3)c(=O)c2c1,6.92,1
476,O=C(NCCO)c1ncccc1NCC(=O)N1CCC(Oc2ccccc2C(F)(F)F)CC1,6.92,1
477,CNC(=O)CCn1c(=O)c(-c2ccc(OC)cc2)nc2ccc(NCc3cccc(C(F)(F)F)c3)nc21,6.92,1
478,CC(=O)NCCn1c(=O)c(-c2cccnc2)nc2ccc(NCc3cccc(C(F)(F)F)c3)nc21,6.92,1
479,COc1ccc2nc(NC(=O)c3ccc(N=[N+]=[N-])cc3)sc2c1,6.92,1
480,Cc1nc(-n2ccc(O)cc2=O)sc1C(=O)NCCc1ccc(F)cc1,6.92,1
481,Cc1ccc(-c2ccc(N3CCC(n4ccc5ccc(F)cc54)CC3)nn2)s1,6.92,1
482,Cc1csc(-c2ccc(N3CCC(c4noc5ccc(F)cc45)CC3)nn2)c1,6.91,1
483,O=C(NCc1ccc(C(F)(F)F)o1)c1ccc(N2CCN(C(=O)c3ccccc3C(F)(F)F)CC2)nn1,6.91,1
484,O=C(NCCCc1ccccc1)c1ccc(N2CCN(C(=O)c3ccccc3C(F)(F)F)CC2)nn1,6.9,1
485,COc1ccc(C(=O)Nc2ncc(Cc3cc(Cl)ccc3Cl)s2)cc1OCCO,6.9,1
486,O=C(Nc1ccccc1)c1ccc(N2CCN(C(=O)c3ccccc3C(F)(F)F)CC2)nn1,6.9,1
487,Cc1nc(-n2cnn(Cc3cc(F)cc(F)c3)c2=O)sc1C(=O)NCc1cccnc1,6.9,1
488,Cc1ccn(-c2ccc(N3CCC(c4noc5ccc(F)cc45)CC3)nn2)n1,6.9,1
489,Cn1cc(-c2ccc(N3CCC(n4ccc5ccccc54)CC3)nn2)cn1,6.9,1
490,O=C(O)c1ccc(-c2ccc(N3CCC(Oc4cc(F)ccc4Br)CC3)nn2)nc1,6.89,1
491,COc1ccc(-c2nc3ccc(NCc4ccc(C)c(C)c4)cc3n(CCNC(C)=O)c2=O)cc1,6.89,1
492,OCc1noc(-c2ccc(N3CCC(O)(c4ccccc4)CC3)nn2)n1,6.89,1
493,C#CCOc1ccc(C(=O)c2ccc(C(=O)Nc3nc4ccc(OC)cc4s3)cc2)cc1,6.89,1
494,Cc1nc(N2CCN(CC3CCCCC3)C2=O)sc1C(=O)NCc1cccnc1,6.87,1
495,Cc1nc(-n2ccc(O)cc2=O)sc1C(=O)NCc1cccc(F)c1,6.86,1
496,O=C(NCc1ccccc1)c1nccnc1NCC(=O)N1CCC(Oc2ccccc2Cl)CC1,6.85,1
497,COc1ccc(-c2nc3cnc(NCc4ccc(Cl)c(Cl)c4)nc3n(CCC(N)=O)c2=O)cc1,6.85,1
498,Cc1nc(-n2cnn(CC3CC3)c2=O)sc1C(=O)NCc1cccnc1,6.85,1
499,O=C(Nc1nc2ccccc2s1)c1ccc([N+](=O)[O-])cc1,6.85,1
500,Cc1ccccc1C(=O)C1CCN(c2ccc(C(=O)NCC(O)c3ccncc3)nn2)CC1,6.84,1
501,COc1ccc(C(=O)Nc2ncc(Cc3cccc(C(F)(F)F)c3)s2)cc1OC,6.84,1
502,COc1ccc(C(=O)Nc2ccc(Cc3cccc(C(F)(F)F)c3)s2)cc1OCCO,6.84,1
503,Cn1cc(-c2ccc(N3CCC(n4ncc5cc(F)ccc54)CC3)nn2)cn1,6.84,1
504,Cc1csc(NC(=O)c2ccc(COc3ccccc3Cl)cc2)n1,6.82,1
505,NC(=O)c1cnc(N2CCN(Cc3ccccc3C(F)(F)F)CC2)s1,6.82,1
506,O=C(NCC(O)c1ccccc1)c1ccc(N2CCC3(CC2)CC(O)c2ccc(F)cc2O3)nn1,6.81,1
507,Fc1ccc2onc(C3CCN(c4ccc(-n5ccnc5)nn4)CC3)c2c1,6.81,1
508,O=C(NCC(O)c1ccccc1)c1ccc(N2CCC3(CC2)CC(O)c2c(F)cccc2O3)nn1,6.8,1
509,O=C(NCc1ccc(Cl)s1)c1ccc2[nH]c(-c3ccc(C(=O)c4ccccc4C(F)(F)F)cc3)nc2c1,6.8,1
510,Cc1nc(N2CCN(Cc3ccccc3)C2=O)sc1C(=O)NCc1ccccn1,6.8,1
511,COc1ccc2nc(NC(=O)c3ccc([N+](=O)[O-])cc3)sc2c1,6.8,1
512,Nc1ncnc2[nH]c(N3CCC(Oc4ccccc4C(F)(F)F)CC3)nc12,6.79,1
513,Fc1ccc2onc(C3CCN(c4ccc(-c5cccnc5)nn4)CC3)c2c1,6.78,1
514,Cn1cc(-c2ccc(N3CCC(n4ccc5ccc(F)cc54)CC3)nn2)cn1,6.78,1
515,O=C(O)CNc1nc2cnc(N3CCC(Oc4cc(F)ccc4Br)CC3)nc2s1,6.78,1
516,Cc1cc(-c2ccc(N3CCC(c4noc5ccc(F)cc45)CC3)nn2)ccn1,6.77,1
517,Cn1cc(-c2ccc(N3CCC(n4ccc5ccc(C(F)(F)F)cc54)CC3)nn2)cn1,6.76,1
518,O=C1CCCN1c1cnc(N2CCC(Oc3ccccc3C(F)(F)F)CC2)s1,6.76,1
519,O=C(NCc1nccs1)c1ccc2[nH]c(-c3ccc(C(=O)c4ccccc4C(F)(F)F)cc3)nc2c1,6.75,1
520,O=C(CO)Nc1ccc2c(=O)n(Cc3ccc(Cl)c(Cl)c3)cnc2c1,6.75,1
521,Cc1ccccc1C(=O)C1CCN(c2ccc(C(=O)NCC(O)c3ccccn3)nn2)CC1,6.75,1
522,COc1ccc2nc(NC(=O)c3ccc([C@H](N)c4ccccc4)cc3)sc2c1,6.75,1
523,COc1ccc(-c2nc3ccc(NCc4cc(C(F)(F)F)ccn4)nc3n(CCNC(C)=O)c2=O)cc1,6.75,1
524,Cn1cc(-c2ccc(N3CCC(n4ccc5cc(Cl)ccc54)CC3)nn2)cn1,6.74,1
525,O=C(O)Cn1nnc(-c2cnc(N3CCC4(CC3)NC(=O)c3ccccc3O4)s2)n1,6.74,1
526,Cc1ncc2sc(N3CCC(Oc4ccccc4C(F)(F)F)CC3)nc2n1,6.74,1
527,Cc1ccccc1C(=O)C1CCN(c2ccc(C(=O)NCC(O)c3ccncc3)nn2)CC1,6.73,1
528,N#CC1(c2ccccc2)CCN(c2ccc(-c3nc(CO)no3)nn2)CC1,6.72,1
529,Cc1ccn(-c2nc(C)c(C(=O)NCc3ccccc3)s2)c(=O)c1,6.72,1
530,O=C(NCCC1CC1)c1ccc(N2CCN(C(=O)c3cc(F)ccc3Cl)CC2)nn1,6.72,1
531,O=C(Nc1ccc2ncn(Cc3ccc(Cl)c(Cl)c3)c(=O)c2c1)OCc1ccccc1,6.71,1
532,Cc1nc(N2CCN(Cc3ccccc3)C2=O)sc1C(=O)NCc1ccc(F)cc1,6.71,1
533,Cc1cnc(CNC(=O)c2sc(-n3cnn(Cc4ccc(F)cc4)c3=O)nc2C)cn1,6.71,1
534,NC(=O)c1nnc(N2CCC(Oc3ccccc3C(F)(F)F)CC2)o1,6.7,1
535,Cn1cc(Cl)nc(N2CCC(Oc3cc(C(F)(F)F)ccc3Cl)CC2)c1=O,6.7,1
536,Cn1nccc(N2CCC(Oc3cc(C(F)(F)F)ccc3Cl)CC2)c1=O,6.7,1
537,N[C@H](c1ccccc1)c1ccc(C(=O)Nc2nc3ccc(O)cc3s2)cc1,6.7,1
538,Cn1cc(Cl)nc(N2CCC(Oc3ccccc3C(F)(F)F)CC2)c1=O,6.7,1
539,COc1ccc(-c2nc3ccc(NCc4cccc(OC(F)(F)F)c4)nc3n(CCNC(C)=O)c2=O)cc1,6.68,1
540,O=Cc1nccnc1NCC(=O)N1CCC(Oc2ccccc2Cl)CC1,6.68,1
541,Cc1nc(-n2cnn(Cc3ccc(F)cc3)c2=O)sc1C(=O)NCc1ncco1,6.67,1
542,Cc1c(C(=O)N=C(N)N)ncn1Cc1ccc(Cl)cc1,6.66,1
543,Cn1cc(-c2ccc(N3CCC(N4CCc5cc(Cl)ccc54)CC3)nn2)cn1,6.66,1
544,Cc1nc(N2CCN(Cc3ccccc3)C2=O)sc1C(=O)NCc1cccc(F)c1,6.66,1
545,O=C(Nc1ccc2ncn(Cc3ccc(F)c(Cl)c3)c(=O)c2c1)OCc1ccccc1,6.66,1
546,NC1(c2ccccc2)CCN(c2ccc(-c3nc(CO)no3)nn2)CC1,6.66,1
547,Cc1nc(-n2cnn(Cc3ccc(C(F)(F)F)cc3)c2=O)sc1C(=O)NCc1ccccn1,6.64,1
548,O=C(NCC(O)c1ccccc1)c1ccc(N2CCC3(CC2)Cc2ccccc2C(=O)O3)nn1,6.64,1
549,CS(=O)(=O)c1ccc2nc(-c3ccc(-c4cccs4)cc3)[nH]c2c1,6.64,1
550,Cc1nc(-c2n[nH]c(Cc3ccccc3)n2)sc1C(=O)NCc1ccccc1,6.63,1
551,Cc1ccc2c(c1)N(C1CCN(c3ccc(-c4cnn(C)c4)nn3)CC1)CC2,6.62,1
552,O=C(O)Cn1nnc(-c2cnc(N3CCC4(C=Cc5ccccc54)CC3)s2)n1,6.61,1
553,CC(=O)NCCn1c(=O)c(-c2cccnc2)nc2cnc(NCc3ccc(Cl)c(Cl)c3)nc21,6.6,1
554,O=C(NCCc1ccccc1)c1ccc(N2CCN(C(=O)c3ccccc3C(F)(F)F)CC2)cn1,6.6,1
555,O=C(Nc1ccc2ncn(Cc3ccc(Cl)cc3)c(=O)c2c1)OCc1ccccc1,6.6,1
556,O=C(NCC(O)c1ccccc1)c1ccc(N2CCC3(CC2)CC(=O)c2ccccc2O3)nn1,6.6,1
557,NC(=O)c1cnc(N2CCN(C(=O)c3ccccc3C(F)(F)F)CC2)s1,6.59,1
558,CS(=O)(=O)c1ccc2nc(-c3ccc(-c4ccccc4Cl)cc3)[nH]c2c1,6.59,1
559,FC(F)(F)c1ccccc1OC1CCN(c2ncc3nc[nH]c3n2)CC1,6.59,1
560,Cc1cn(-c2ccc(N3CCC(c4noc5cc(F)ccc45)CC3)nn2)cn1,6.59,1
561,O=C(Nc1ncc(CCCO)s1)c1ccc(CNc2ccccc2C(F)(F)F)cc1,6.58,1
562,CC(C)CNC(=O)c1nccnc1NCC(=O)N1CCC(Oc2ccccc2Cl)CC1,6.58,1
563,O=C(Nc1nc2ccccc2s1)c1cccnc1,6.58,1
564,Cc1nc(-n2cnn(Cc3ccc(F)cc3)c2=O)sc1C(=O)NCc1cccnc1,6.57,1
565,O=c1[nH]ccc2nc(N3CCC(Oc4ccccc4C(F)(F)F)CC3)sc12,6.57,1
566,COc1ccc2sc(NC(=O)c3ccc([N+](=O)[O-])cc3)nc2c1,6.57,1
567,Fc1ccc2c(c1)N(C1CCN(c3ccc(-c4cnn(CCN5CCOCC5)c4)nn3)CC1)CC2,6.56,1
568,Cc1cc(CNC(=O)c2sc(-n3cnn(Cc4ccc(F)cc4)c3=O)nc2C)[nH]n1,6.55,1
569,CN1CCC2(CCN(c3ccc(C(=O)NCC(O)c4ccccc4)nn3)CC2)Oc2ccccc21,6.55,1
570,Cc1ccc2ccn(C3CCN(c4ccc(-c5cnn(C)c5)nn4)CC3)c2c1,6.54,1
571,O=C(NCCC1CC1)c1ccc(N2CCN(C(=O)c3ccoc3C(F)(F)F)CC2)nn1,6.54,1
572,O=C(NCC(O)c1ccccc1)c1ccc(N2CCC(C(=O)c3ccccc3)CC2)nn1,6.54,1
573,OC(c1ccc2[nH]c(-c3ccc(OCc4ccccc4)cc3)nc2c1)c1ccccc1C(F)(F)F,6.53,1
574,NC(=O)c1cnc(N2CCN(C(=O)c3ccccc3C(F)(F)F)CC2)s1,6.52,1
575,CCCCCCCCC1=C(CCCCCCCC(=O)O)C1,6.52,1
576,Cc1cnnc(N2CCC(Oc3cc(C(F)(F)F)ccc3Cl)CC2)n1,6.52,1
577,Cc1nc(-n2cnn(CC3CC3(F)F)c2=O)sc1C(=O)NCc1cccnc1,6.51,1
578,Cc1csc(NC(=O)c2ccc(CNc3ccccc3C)nc2)n1,6.51,1
579,COc1cccc(C(=O)Nc2nc3ccc(OC)cc3s2)c1,6.51,1
580,COc1ccccc1C(=O)C1CCN(c2ccc(C(=O)NCC(O)c3ccccc3)nn2)CC1,6.51,1
581,O=C(NCc1nccs1)c1ccc2[nH]c(-c3ccc(Oc4ccccc4C(F)(F)F)cc3)nc2c1,6.5,1
582,Cc1nnc(-c2ccc(N3CCC(c4noc5ccc(F)cc45)CC3)nn2)o1,6.5,1
583,COc1ccc2ccn(C3CCN(c4ccc(-c5cnn(C)c5)nn4)CC3)c2c1,6.5,1
584,Oc1nc2cnc(N3CCC(Oc4ccccc4C(F)(F)F)CC3)nc2[nH]1,6.5,1
585,O=C(NCc1nccs1)c1ccc(N2CCN(C(=O)c3ccccc3C(F)(F)F)CC2)nn1,6.49,1
586,Cc1nc(-n2ccc(OCC3CCCO3)cc2=O)sc1C(=O)NCc1ccccc1,6.48,1
587,O=C(O)Cn1nnc(-c2nnc(N3CCC4(CC3)Cc3ccccc3C(=O)O4)s2)n1,6.47,1
588,N#Cc1nccnc1NCC(=O)N1CCC(Oc2ccccc2Cl)CC1,6.47,1
589,CS(=O)(=O)c1ccc2nc(-c3ccc(-c4cccc(O)c4)cc3)[nH]c2c1,6.47,1
590,O=C(O)c1ccc(-c2ccc(N3CCC(n4ccc5ccc(F)cc54)CC3)nn2)cc1,6.46,1
591,O=C(NCc1ccncc1)c1ncccc1NCC(=O)N1CCC(Oc2ccccc2C(F)(F)F)CC1,6.46,1
592,O=C(O)Cn1nnc(-c2nnc(N3CCC4(CCc5c(O)cccc5O4)CC3)s2)n1,6.44,1
593,O=c1[nH]c(N2CCC(Oc3ccccc3C(F)(F)F)CC2)nc2[nH]cnc12,6.42,1
594,NC(=O)Cn1cc(-c2ccc(N3CCC(N4CCc5ccc(F)cc54)CC3)nn2)cn1,6.41,1
595,CCCNC(=O)c1ncccc1NCC(=O)N1CCC(Oc2ccccc2C(F)(F)F)CC1,6.41,1
596,O=C(O)c1ccc(-c2ccc(N3CCC(N4CCc5ccc(F)cc54)CC3)nn2)cc1,6.41,1
597,Cc1ccccc1C(=O)C1CCN(c2ccc(C(=O)NCC(O)c3ccccn3)nn2)CC1,6.41,1
598,Cn1cc(-c2ccc(N3CCC(N4CCc5ccc(CO)cc54)CC3)nn2)cn1,6.41,1
599,Cc1nc(-n2cnn(CCCC(F)(F)F)c2=O)sc1C(=O)NCc1cccnc1,6.4,1
600,COc1ccc2c(c1)N(C1CCN(c3ccc(-c4cnn(C)c4)nn3)CC1)CC2,6.39,1
601,COc1ccc(-c2nc3cnc(NCc4ccc(Cl)c(Cl)c4)nc3n(CCNC(C)=O)c2=O)cc1,6.39,1
602,Cc1ccc2c(c1)N(C1CCN(c3ccc(-c4cnn(C)c4)nn3)CC1)CC2,6.38,1
603,COc1ccc(C(=O)Nc2ncc(Cc3cc(Cl)ccc3Cl)s2)cc1OCCO,6.37,1
604,O=C(NCc1cccnc1)c1ncccc1NCC(=O)N1CCC(Oc2ccccc2C(F)(F)F)CC1,6.37,1
605,O=C(NCc1ccc(Cl)s1)c1ccc2[nH]c(-c3ccc(Oc4ccccc4C(F)(F)F)cc3)nc2c1,6.36,1
606,Cc1nc(-n2ccc(C3CC3)cc2=O)sc1C(=O)NCc1ccccc1,6.34,1
607,CNC(=O)c1nccnc1NCC(=O)N1CCC(Oc2c(F)cccc2F)CC1,6.33,1
608,Cc1nc(-n2cnn(Cc3ccc(F)cc3)c2=O)sc1C(=O)NCc1cnn(C)c1,6.32,1
609,Cc1nc(-n2cnn(Cc3ccc(F)cc3)c2=O)sc1C(=O)NCc1cn(C)cn1,6.3,1
610,Cc1nc(N2CCN(Cc3ccccc3)C2=O)sc1C(=O)NCc1cccnc1,6.28,1
611,O=C(O)c1ccc(-c2ccc(N3CCC(Oc4ccccc4C(F)(F)F)CC3)nn2)cc1,6.26,1
612,Cc1nnc(N2CCC(Oc3cc(C(F)(F)F)ccc3Cl)CC2)nc1C,6.26,1
613,FC(F)(F)c1ccccc1OC1CCN(c2nccnn2)CC1,6.26,1
614,O=[N+]([O-])c1ccccc1OC1CCN(c2nccnn2)CC1,6.26,1
615,Cn1cc(Cl)nc(N2CCC(Oc3ccccc3Cl)CC2)c1=O,6.26,1
616,O=C(Nc1ccccc1)c1nccnc1NCC(=O)N1CCC(Oc2ccccc2Cl)CC1,6.26,1
617,COc1ccc2nc(NC(=O)c3ccc(C(=O)N4CCCCC4)cc3)sc2c1,6.26,1
618,Clc1ccccc1OC1CCN(c2nccnn2)CC1,6.26,1
619,CC1CN(c2nccnn2)CCC1Oc1cc(C(F)(F)F)ccc1Cl,6.26,1
620,Cc1ccccc1OC1CCN(c2nc(Cl)cn(C)c2=O)CC1,6.26,1
621,O=C(NCc1ccccc1)c1ncccc1NCC(=O)N1CCC(Oc2ccccc2Cl)CC1,6.25,1
622,O=C(O)CCc1cnc(NC(=O)c2ccc(CNc3ccccc3C(F)(F)F)cc2)s1,6.24,1
623,O=C(NCc1ccccc1)c1ccccc1NCC(=O)N1CCC(Oc2ccccc2Cl)CC1,6.24,1
624,O=C(NCC(O)c1cccnc1)c1ccc(N2CCC3(CC2)CCN(CCO)c2ccccc2O3)nn1,6.22,1
625,COc1cc2sc(NC(=O)c3ccc(C(=O)c4ccccc4)cc3)nc2cc1Br,6.21,1
626,Cc1nc(-c2cncc(Cc3ccccc3)n2)sc1C(=O)NCc1ccccc1,6.21,1
627,COc1ccc(C(=O)Nc2ncc(Cc3ccc(C)c(F)c3)s2)cc1OCCO,6.19,1
628,CC1CN(c2nccnn2)CCC1Oc1cc(Cl)ccc1Cl,6.19,1
629,Cc1cnnc(N2CCC(Oc3ccccc3Cl)CC2)n1,6.19,1
630,FC(F)(F)c1ccc(Cl)c(OC2CCN(c3nccnn3)C2)c1,6.19,1
631,Cc1nc(N2CCN(Cc3ccccc3)C2=O)sc1C(=O)NCc1ccncc1,6.18,1
632,CC(CNC(=O)c1ccc(N2CCN(C(=O)c3ccccc3C(F)(F)F)CC2)nn1)c1ccccc1,6.18,1
633,Cc1nnc(-c2ccc(N3CCC(Oc4cc(F)ccc4Cl)CC3)nn2)o1,6.17,1
634,Cc1nc(-n2cc(Cc3ccccc3)nn2)sc1C(=O)NCc1ccccc1,6.17,1
635,Cn1cc(-c2ccc(N3CCC(n4ccc5c(F)cccc54)CC3)nn2)cn1,6.17,1
636,CN1CCC2(CCN(c3ccc(C(=O)NCC(O)c4cccnc4)nn3)CC2)Oc2ccccc21,6.16,1
637,O=C(Nc1nc2ccccc2s1)c1ccc(-c2ccccc2)cc1,6.16,1
638,O=C(O)Cn1nnc(-c2nnc(N3CCC4(CC3)CC(=O)c3ccccc3O4)s2)n1,6.15,1
639,O=C(NCc1ccccn1)c1cc(-n2cnn(Cc3ccc(F)cc3)c2=O)n[nH]1,6.14,1
640,Cc1cccc(C(=O)Nc2nc3ccccc3s2)c1,6.14,1
641,CC(C)(C)c1ccc2nc(-c3ccc(-c4ccccc4F)cc3)[nH]c2c1,6.14,1
642,CCCCN1CCN(c2nc(C)c(C(=O)NCc3cccnc3)s2)C1=O,6.13,1
643,O=C(NCc1ccccc1)c1ccc(N2CCN(C(=O)c3ccccc3C(F)(F)F)CC2)nn1,6.12,1
644,FC(F)(F)c1ccccc1OC1CCN(c2nc3ncccc3s2)CC1,6.12,1
645,NC(=O)c1cn(Cc2cc(Br)c(Br)c(Br)c2)nn1,6.12,1
646,Cc1csc(NC(=O)c2ccc(CNc3ccc(Cl)cc3)cc2)n1,6.12,1
647,COC(=O)Nc1cnc(N2CCC(Oc3ccccc3C(F)(F)F)CC2)s1,6.11,1
648,Fc1ccc2c(c1)N(C1CCN(c3ccc(-c4ccc(C(F)(F)F)cc4)nn3)CC1)CC2,6.11,1
649,O=C(NCCc1ccccc1)c1ncccc1NCC(=O)N1CCC(Oc2ccccc2C(F)(F)F)CC1,6.11,1
650,O=C(O)Cc1cncc(-c2ccc(N3CCC(Oc4cc(F)ccc4Br)CC3)nn2)c1,6.11,1
651,Cc1nc(-n2ccc(O)cc2=O)sc1C(=O)NCCC1CC1,6.11,1
652,Cc1ccc(Cn2cnc3ccc(NC(=O)OCc4ccccc4)cc3c2=O)cc1C,6.1,1
653,O=C(NCCc1ccccc1)c1ccc(N2CCN(C(=O)c3ccccc3C(F)(F)F)CC2)cc1,6.09,1
654,COc1ccc(C(=O)N(C)c2ncc(Cc3cccc(C(F)(F)F)c3)s2)cc1OCCO,6.08,1
655,COc1ccc(C(=O)Nc2ncc(C(O)c3cccc(C(F)(F)F)c3)s2)cc1OCCO,6.05,1
656,COc1ccc2nc(NC(=O)c3ccc(F)cc3)sc2c1,6.05,1
657,O=C(O)Cn1nnc(-c2nnc(N3CCC(Oc4cc(F)ccc4Br)CC3)s2)n1,6.04,1
658,COc1cccc(C(=O)Nc2ncc(Cc3cccc(C(F)(F)F)c3)s2)c1,6.04,1
659,Cn1cc(-c2ccc(N3CCC(n4nnc5ccccc54)CC3)nn2)cn1,6.03,1
660,Cc1nc(-n2cnn(Cc3ccc(F)cc3)c2=O)sc1C(N)=O,6.03,1
661,O=C(O)Cn1nnc(-c2cnc(OCCCOc3cc(OC(F)(F)F)ccc3Br)s2)n1,6.01,1
662,COc1ccc2nc(NC(=O)c3ccc(C(=O)N4CCCCC4)cc3)sc2c1,6,1
663,NS(=O)(=O)c1cnc(N2CCC(Oc3ccccc3C(F)(F)F)CC2)s1,5.99,0
664,COc1ccccc1C(=O)C1CCN(c2ccc(C(=O)NCC(O)c3ccccc3)nn2)CC1,5.98,0
665,O=C(O)Cn1nnc(-c2cc(N3CCC(Oc4cc(F)ccc4Br)CC3)no2)n1,5.97,0
666,O=C(O)Cn1nnc(-c2cc(N3CCC(Oc4cc(F)ccc4Br)CC3)no2)n1,5.97,0
667,CCCCCCCNC(=O)c1ccc(N2CCN(C(=O)c3ccccc3C(F)(F)F)CC2)nn1,5.96,0
668,COc1ccc2nc(NC(=O)c3cccnc3)sc2c1,5.96,0
669,COc1ccc2nc(NC(=O)c3ccc(C(=O)c4cccnc4)cc3)sc2c1,5.96,0
670,COc1ccc(C(=O)Nc2nc3ccc(OC)cc3s2)cc1,5.96,0
671,O=C(O)c1cccc(-c2ccc(N3CCC(Oc4ccccc4C(F)(F)F)CC3)nn2)c1,5.95,0
672,O=C(Nc1ccc(Oc2cccnc2)c(C(=O)NCc2ccc(Cl)c(Cl)c2)c1)OCc1ccccc1,5.94,0
673,O=C(NCc1nccs1)c1ccc2[nH]c(-c3ccc(Oc4ccccc4Cl)cc3)nc2c1,5.94,0
674,COc1ccc2nc(NC(=O)c3cccc(C)c3)sc2c1,5.92,0
675,N[C@H](c1ccccc1)c1ccc(C(=O)Nc2nc3ccccc3s2)cc1,5.92,0
676,COc1ccc(C(=O)Nc2ncc(Cc3cccc(C(F)(F)F)c3)s2)cc1,5.91,0
677,CCS(=O)(=O)c1ccc2nc(-c3ccc(-c4ccccc4F)cc3)[nH]c2c1,5.88,0
678,O=C(NCc1ccc(Cl)s1)c1ccc2[nH]c(-c3ccc(Oc4ccccc4Cl)cc3)nc2c1,5.87,0
679,O=C(Nc1ccncc1)c1ccc(COc2ccccc2Cl)cc1,5.85,0
680,COc1cc(C(=O)Nc2ncc(Cc3cccc(C(F)(F)F)c3)s2)ccc1OCCN1CCOCC1,5.85,0
681,Cc1nc(-n2ccc(C(F)(F)F)cc2=O)sc1C(=O)NCc1ccccc1,5.82,0
682,COc1ccc(-c2nc3cnc(NCc4ccc(Cl)c(Cl)c4)nc3n(CCNS(C)(=O)=O)c2=O)cc1,5.78,0
683,Cc1nc(-n2ccc(O)cc2=O)sc1C(=O)NCC1CC1,5.77,0
684,CS(=O)(=O)c1ccc2nc(-c3ccc(-c4ccoc4)cc3)[nH]c2c1,5.77,0
685,CS(=O)(=O)c1ccc2nc(-c3ccc(-c4ccccn4)cc3)[nH]c2c1,5.75,0
686,O=C(Nc1nc2ccccc2[nH]1)c1ccc(C(=O)c2ccccc2)cc1,5.75,0
687,Cc1nc(-c2noc(Cc3ccccc3)n2)sc1C(=O)NCc1ccccc1,5.72,0
688,COc1ccc2nc(NC(=O)c3ccc(C(=O)c4ccccn4)cc3)sc2c1,5.7,0
689,COc1ccc2nc(NC(=O)c3ccc([C@H](N)c4ccccc4)cc3)sc2c1,5.68,0
690,COc1ccc(C(=O)Nc2ncc(Cc3cccc(C(F)(F)F)c3)s2)cc1OCC(C)O,5.67,0
691,Cc1nc(N2C[C@@H](Cc3ccccc3)NC2=O)sc1C(=O)NCc1ccccc1,5.66,0
692,Cc1cnc(CNC(=O)c2ccc(N3CCN(C(=O)c4ccccc4C(F)(F)F)CC3)nn2)cn1,5.65,0
693,CS(=O)(=O)c1ccc2nc(-c3ccc(-c4ccc(O)cc4)cc3)[nH]c2c1,5.63,0
694,O=C(NCCC1CC1)c1ccc2[nH]c(-c3ccc(Oc4ccccc4Cl)cc3)nc2c1,5.63,0
695,CC(C)CCNC(=O)c1ccc(N2CCN(C(=O)c3ccccc3C(F)(F)F)CC2)cn1,5.62,0
696,O=C(Nc1nc2ccccc2s1)c1ccc(C(=O)c2ccccc2)cc1,5.62,0
697,O=C(O)c1cncc(-c2ccc(N3CCC(Oc4cc(F)ccc4Br)CC3)nc2)c1,5.62,0
698,COc1ccc(Cl)c(N2CC3CN(c4ncc(-c5nnn(CC(=O)O)n5)s4)CC3C2)c1,5.61,0
699,COc1ccc(-c2nc3ccc(NCc4ccc(C(F)(F)F)cc4)nc3n(CCNC(C)=O)c2=O)cc1,5.6,0
700,COc1ccc2nc(NC(=O)c3ccc(C(=O)N4CCOCC4)cc3)sc2c1,5.6,0
701,Cc1nc(-n2ccccc2=O)sc1C(=O)NCc1ccccc1,5.6,0
702,Cc1nc(-n2ccc(-c3ccccc3)cc2=O)sc1C(=O)NCc1ccccc1,5.59,0
703,COc1ccc(C(=O)Nc2nc3ccccc3s2)cc1,5.58,0
704,Cc1nc(NC(=O)Cc2ccccc2)sc1C(=O)NCc1ccccc1,5.57,0
705,COC(=O)c1ccccc1NCc1ccc(C(=O)Nc2nc(C)cs2)cc1,5.57,0
706,O=C(O)CCCc1csc(NC(=O)c2ccc(CNc3ccccc3C(F)(F)F)cc2)n1,5.57,0
707,COc1ccc2nc(NC(=O)c3ccc([N+](=O)[O-])cc3)sc2c1,5.55,0
708,NC(=O)c1n[nH]c(N2CCC(Oc3ccccc3C(F)(F)F)CC2)n1,5.55,0
709,COc1ccc2nc(NC(=O)c3ccc(C(=O)c4ccccc4)cc3)sc2c1,5.5,0
710,Cc1csc(NC(=O)c2ccc(CNc3ccccc3C(=O)O)cc2)n1,5.44,0
711,O=C(O)Cn1nnc(-c2cnc(OCCCOc3cc(F)ccc3Br)s2)n1,5.41,0
712,COc1ccc(-c2nc3cnc(NCc4ccc(Cl)c(Cl)c4)nc3n(CCNC(=O)c3ccsc3)c2=O)cc1,5.4,0
713,CNC(=O)c1cnc(N2CCN(C(=O)c3ccccc3C(F)(F)F)CC2)s1,5.4,0
714,O=C(O)Cn1nnc(-c2cnc(N3CCN(c4cc(F)ccc4Cl)CC3)s2)n1,5.38,0
715,CS(=O)(=O)c1ccc2nc(-c3ccc(-c4ccncc4)cc3)[nH]c2c1,5.37,0
716,COc1cc(C(=O)Nc2ncc(Cc3cccc(C(F)(F)F)c3)s2)ccc1OCC(=O)O,5.36,0
717,O=C(O)c1cncc(-c2cnc(N3CCC(Oc4cc(F)ccc4Br)CC3)nn2)c1,5.35,0
718,COc1ccc(-c2nc3cnc(NCc4cccc(Cl)c4)nc3n(CCNC(C)=O)c2=O)cc1,5.34,0
719,O=C(Nc1nc(-c2ccccc2)cs1)c1ccc(C(=O)c2ccccc2)cc1,5.33,0
720,O=C(Nc1ncc(-c2ccccc2)s1)c1ccc(C(=O)c2ccccc2)cc1,5.3,0
721,O=C(O)c1cncc(-c2ccc(N3CCC(Oc4ccccc4I)CC3)nn2)c1,5.29,0
722,COc1ccc2sc(NC(=O)c3ccc([N+](=O)[O-])cc3)nc2c1,5.26,0
723,COc1ccc2nc(NC(=O)c3ccc([C@@H](N)c4ccccc4)cc3)sc2c1,5.24,0
724,O=C(Nc1ncc(-c2ccccc2)s1)c1ccc(C(=O)c2ccccc2)cc1,5.24,0
725,O=C(NCCC1CC1)c1ccc(N2CCN(C(=O)c3cnc(Cl)nc3C(F)(F)F)CC2)nn1,5.23,0
726,O=C(O)c1cncc(-c2ccc(N3CCC(Oc4cc(F)ccc4Br)CC3)nn2)c1,5.22,0
727,CNC(=O)c1nccnc1NCC(=O)N1CCC(Oc2ccccc2)CC1,5.2,0
728,O=C(O)Cn1nnc(-c2cncc(-c3cn(Cc4cc(Br)c(Br)c(Br)c4)nn3)c2)n1,5.2,0
729,CCCCCCNC(=O)c1ncc(N2CCN(C(=O)c3ccccc3C(F)(F)F)CC2)cn1,5.19,0
730,NC(=O)c1csc(N2CCC(Oc3ccccc3C(F)(F)F)CC2)n1,5.19,0
731,N[C@H](c1ccccc1)c1ccc(C(=O)Nc2nc3ccccc3s2)cc1,5.17,0
732,O=C(O)c1cncc(-c2cnc(N3CCC(Oc4cc(F)ccc4Br)CC3)cn2)c1,5.17,0
733,COc1cc2sc(NC(=O)c3ccc(C(=O)c4ccccc4)cc3)nc2cc1Br,5.16,0
734,O=C(NCc1ccccc1)c1cccc(NCC(=O)N2CCC(Oc3ccccc3C(F)(F)F)CC2)n1,5.14,0
735,O=C(O)Cn1nnc(-c2cc(OCCCOc3cc(F)ccc3Br)no2)n1,5.11,0
736,COC(=O)c1ccc2nc(NC(=O)c3ccc(C(=O)c4ccccc4)cc3)sc2c1,5.11,0
737,O=C(O)c1cncc(-c2ccc(N3CCC(Oc4cc(F)c(F)cc4Br)CC3)nn2)c1,5.08,0
738,COc1ccc2nc(NC(=O)c3ccc(Nc4ccccc4)cc3)sc2c1,5.05,0
739,O=C(O)Cn1nnc(-c2cnc(N3C[C@@H]4C[C@H]3CN4c3cc(F)ccc3Cl)s2)n1,5.04,0
740,O=C(O)c1cncc(-c2cnc(N3CCC(Oc4cc(F)ccc4Br)CC3)nc2)c1,5.03,0
741,O=C(O)Cn1nnc(-c2cc(N3CC4CN(c5cc(F)ccc5Cl)CC4C3)no2)n1,5,0
742,Cc1nc(-c2cn(Cc3ccccc3)nn2)sc1C(=O)NCc1ccccc1,5,0
743,Fc1ccc(Br)c(OC2CCN(c3nc4ccccc4s3)CC2)c1,4.97,0
744,Fc1ccc(Br)c(OC2CCN(c3nnc(-c4nn[nH]n4)s3)CC2)c1,4.9,0
745,O=C(c1ccccc1C(F)(F)F)N1CCN(c2nccs2)CC1,4.89,0
746,O=C(Nc1nc(-c2ccccc2)cs1)c1ccc(C(=O)c2ccccc2)cc1,4.83,0
747,O=C(O)Cn1nnc(-c2cnc(N3CC4CN(c5cc(F)ccc5Cl)CC4C3)s2)n1,4.81,0
748,COC(=O)c1ccc2nc(NC(=O)c3ccc(C(=O)c4ccccc4)cc3)sc2c1,4.8,0
749,COc1ccc2nc(NC(=O)c3ccc(OCc4ccccc4)cc3)sc2c1,4.77,0
750,O=C(O)c1cncc(-c2ccc(N3CCC(Oc4ccccc4Br)CC3)nn2)c1,4.74,0
751,Cc1ccccc1S(=O)(=O)N1CCN(c2ccc(C(=O)NCc3ccccc3)nn2)CC1,4.71,0
752,Cc1nc(OCCCOc2cc(F)ccc2Br)sc1-c1nnn(CC(=O)O)n1,4.69,0
753,COc1cccc(C(=O)Nc2nc3ccc(OC)cc3s2)c1,4.68,0
754,COc1ccc2nc(NC(=O)c3ccccc3)sc2c1,4.68,0
755,O=C(Nc1nc2ccccc2s1)c1ccc([N+](=O)[O-])cc1,4.66,0
756,COc1ccc2nc(NC(=O)c3ccc(N)cc3)sc2c1,4.66,0
757,O=C(O)CCc1nc2nc(N3CCC(Oc4cc(F)ccc4Br)CC3)sc2c(=O)[nH]1,4.61,0
758,COc1ccc2nc(NC(=O)c3ccc(F)cc3)sc2c1,4.6,0
759,COc1ccc2nc(NC(=O)c3cccc(C)c3)sc2c1,4.6,0
760,COc1ccc(C(=O)Nc2nc3ccccc3s2)cc1,4.51,0
761,C#CCOc1ccc(C(=O)c2ccc(C(=O)Nc3nc4ccc(OC)cc4s3)cc2)cc1,4.51,0
762,O=C(Nc1nccs1)c1ccc(C(=O)c2ccccc2)cc1,4.48,0
763,COc1ccc2nc(NC(=O)c3cccnc3)sc2c1,4.43,0
764,O=C(O)Cn1nnc(-c2cc(-c3cn(Cc4cc(Br)c(Br)c(Br)c4)nn3)no2)n1,4.42,0
765,O=C(Nc1nc2ccccc2o1)c1ccc(C(=O)c2ccccc2)cc1,4.37,0
766,C#CCNC(=O)c1ccc(C(=O)Nc2nc3ccc(OC)cc3s2)cc1,4.34,0
767,O=C(O)Cn1nnc(-c2cnc(N3CC4(C3)CN(c3cc(F)ccc3Cl)C4)s2)n1,4.29,0
768,COc1ccc2nc(NC(=O)c3ccccc3)sc2c1,4.27,0
769,O=C(O)c1cnc(N2CCN(C(=O)c3ccccc3C(F)(F)F)CC2)s1,4.17,0
